latitude,longitude,ls,surf_pressure,temp_differential,opacity_tau,global_storm_next_3_sols,future_opacity_tau
-22.5,-174.375,333.1904676090703,600.0,20.341150412918676,0.1,0.0,0.1
-52.5,-180.0,333.1904676090703,600.0,26.631238971738142,0.1,0.0,0.1
18.75,-45.0,333.1904676090703,600.0,19.371379219308754,0.1,0.0,0.1
63.75,-22.5,333.1904676090703,600.0,14.30207962323932,0.1,0.0,0.1
-11.25,45.0,333.1904676090703,600.0,16.462692423355158,0.1,0.0,0.1
78.75,146.25,333.1904676090703,600.0,17.610517721916672,0.1,0.0,0.1
-90.0,11.25,333.1904676090703,600.0,21.048058957554666,0.1,0.0,0.1
-7.5,-140.625,333.1904676090703,600.0,16.009484836268225,0.1,0.0,0.1
-18.75,-11.25,333.1904676090703,600.0,11.785678540606037,0.1,0.0,0.1
-82.5,67.5,333.1904676090703,600.0,18.459364711749004,0.1,0.0,0.1
0.0,101.25,333.1904676090703,600.0,17.685257860228855,0.1,0.0,0.1
-67.5,129.375,333.1904676090703,600.0,3.0036852497409594,0.1,0.0,0.1
-67.5,118.125,333.1904676090703,600.0,22.999379179361448,0.1,0.0,0.1
-45.0,-56.25,333.1904676090703,600.0,21.678860345812442,0.1,0.0,0.1
56.25,-163.125,333.1904676090703,600.0,12.24172069857666,0.1,0.0,0.1
-90.0,-67.5,333.1904676090703,600.0,12.699525032331302,0.1,0.0,0.1
-56.25,84.375,333.1904676090703,600.0,18.596486888277813,0.1,0.0,0.1
-63.75,-78.75,333.1904676090703,600.0,12.22319247335906,0.1,0.0,0.1
-52.5,-28.125,333.1904676090703,600.0,17.203476456155908,0.1,0.0,0.1
7.5,-33.75,333.1904676090703,600.0,20.42874170307621,0.1,0.0,0.1
67.5,45.0,171.06148667679912,600.0,18.335773642957538,0.1,0.0,0.1
48.75,22.5,171.06148667679912,600.0,7.973746917434806,0.1,0.0,0.1
-3.75,-90.0,171.06148667679912,600.0,12.701687220838608,0.1,0.0,0.1
-60.0,-84.375,171.06148667679912,600.0,14.853215070989084,0.1,0.0,0.1
11.25,56.25,171.06148667679912,600.0,13.79218014785997,0.1,0.0,0.1
-18.75,163.125,171.06148667679912,600.0,12.860930340893432,0.1,0.0,0.1
-67.5,28.125,171.06148667679912,600.0,19.81479803642894,0.1,0.0,0.1
56.25,-140.625,171.06148667679912,600.0,22.312168159395398,0.1,0.0,0.1
0.0,-174.375,171.06148667679912,600.0,12.640096637940317,0.1,0.0,0.1
48.75,-28.125,171.06148667679912,600.0,10.13442497345121,0.1,0.0,0.1
52.5,-123.75,171.06148667679912,600.0,19.569428847849927,0.1,0.0,0.1
30.0,-5.625,171.06148667679912,600.0,23.604858901956845,0.1,0.0,0.1
-30.0,118.125,171.06148667679912,600.0,14.157721596405679,0.1,0.0,0.1
18.75,129.375,171.06148667679912,600.0,22.083703156773204,0.1,0.0,0.1
-33.75,135.0,171.06148667679912,600.0,20.006117729476316,0.1,0.0,0.1
-82.5,174.375,171.06148667679912,600.0,9.278230221816877,0.1,0.0,0.1
63.75,5.625,171.06148667679912,600.0,18.685357214013095,0.1,0.0,0.1
-41.25,151.875,171.06148667679912,600.0,20.48353438997965,0.1,0.0,0.1
30.0,11.25,171.06148667679912,600.0,8.3944438730658,0.1,0.0,0.1
-15.0,61.875,171.06148667679912,600.0,13.898680109448897,0.1,0.0,0.1
18.75,-78.75,259.62625542692757,600.0,11.89449409246236,0.1,0.0,0.1
-15.0,28.125,259.62625542692757,600.0,8.875252440387573,0.1,0.0,0.1
48.75,174.375,259.62625542692757,600.0,15.458973236994826,0.1,0.0,0.1
-86.25,-174.375,259.62625542692757,600.0,13.299542135284163,0.1,0.0,0.1
82.5,-123.75,259.62625542692757,600.0,9.379198275486992,0.1,0.0,0.1
-15.0,146.25,259.62625542692757,600.0,5.997901456642737,0.1,0.0,0.1
86.25,135.0,259.62625542692757,600.0,8.542497096960206,0.1,0.0,0.1
7.5,33.75,259.62625542692757,600.0,19.614317564306788,0.1,0.0,0.1
78.75,112.5,259.62625542692757,600.0,12.762986032385058,0.1,0.0,0.1
45.0,11.25,259.62625542692757,600.0,16.62978935310784,0.1,0.0,0.1
11.25,174.375,259.62625542692757,600.0,18.11387631352518,0.1,0.0,0.1
-90.0,-56.25,259.62625542692757,600.0,18.58572827604189,0.1,0.0,0.1
86.25,-168.75,259.62625542692757,600.0,13.82777162157723,0.1,0.0,0.1
11.25,-33.75,259.62625542692757,600.0,14.014580039108065,0.1,0.0,0.1
-86.25,101.25,259.62625542692757,600.0,15.052001504238955,0.1,0.0,0.1
75.0,-174.375,259.62625542692757,600.0,14.715155329133609,0.1,0.0,0.1
-3.75,-11.25,259.62625542692757,600.0,19.380655426632902,0.1,0.0,0.1
-63.75,101.25,259.62625542692757,600.0,26.657996972457262,0.1,0.0,0.1
-75.0,-50.625,259.62625542692757,600.0,10.767271497618452,0.1,0.0,0.1
90.0,-180.0,259.62625542692757,600.0,17.521885200727393,0.1,0.0,0.1
0.0,28.125,296.27222993675423,600.0,15.04292864960935,0.1,0.0,0.1
-45.0,-39.375,296.27222993675423,600.0,20.62203539615927,0.1,0.0,0.1
-3.75,-45.0,296.27222993675423,600.0,14.108971444040888,0.1,0.0,0.1
0.0,95.625,296.27222993675423,600.0,13.531638664332096,0.1,0.0,0.1
11.25,0.0,296.27222993675423,600.0,18.120645137722796,0.1,0.0,0.1
-18.75,22.5,296.27222993675423,600.0,8.00936829629056,0.1,0.0,0.1
52.5,-135.0,296.27222993675423,600.0,22.011372661498392,0.1,0.0,0.1
-45.0,-146.25,296.27222993675423,600.0,18.988349776711235,0.1,0.0,0.1
37.5,28.125,296.27222993675423,600.0,8.122140793286121,0.1,0.0,0.1
37.5,-101.25,296.27222993675423,600.0,11.919560266959936,0.1,0.0,0.1
71.25,-146.25,296.27222993675423,600.0,13.89775050200209,0.1,0.0,0.1
15.0,11.25,296.27222993675423,600.0,28.189015224929,0.1,0.0,0.1
67.5,-123.75,296.27222993675423,600.0,12.499224518148042,0.1,0.0,0.1
-52.5,135.0,296.27222993675423,600.0,8.0342921063471,0.1,0.0,0.1
7.5,45.0,296.27222993675423,600.0,21.089818094832626,0.1,0.0,0.1
7.5,174.375,296.27222993675423,600.0,13.869643099971732,0.1,0.0,0.1
41.25,-78.75,296.27222993675423,600.0,10.038759322369994,0.1,0.0,0.1
-45.0,39.375,296.27222993675423,600.0,18.610573364295014,0.1,0.0,0.1
33.75,-73.125,296.27222993675423,600.0,5.964834468021635,0.1,0.0,0.1
52.5,84.375,296.27222993675423,600.0,17.173706948148723,0.1,0.0,0.1
-3.75,50.625,156.40039512406457,600.0,22.631421844000254,0.1,0.0,0.1
-22.5,61.875,156.40039512406457,600.0,12.684126969998223,0.1,0.0,0.1
-48.75,140.625,156.40039512406457,600.0,1.8077716438055447,0.1,0.0,0.1
22.5,-95.625,156.40039512406457,600.0,6.546706634792828,0.1,0.0,0.1
-56.25,33.75,156.40039512406457,600.0,17.934290847326142,0.1,0.0,0.1
-7.5,28.125,156.40039512406457,600.0,12.082124277798275,0.1,0.0,0.1
-75.0,78.75,156.40039512406457,600.0,20.977678021973112,0.1,0.0,0.1
-60.0,-106.875,156.40039512406457,600.0,-1.0300031450120848,0.1,0.0,0.1
-11.25,-146.25,156.40039512406457,600.0,17.43780386335694,0.1,0.0,0.1
90.0,0.0,156.40039512406457,600.0,17.279170414351473,0.1,0.0,0.1
18.75,-73.125,156.40039512406457,600.0,13.478921927497158,0.1,0.0,0.1
-3.75,-151.875,156.40039512406457,600.0,20.476675652662202,0.1,0.0,0.1
-82.5,11.25,156.40039512406457,600.0,7.1726439550093435,0.1,0.0,0.1
-41.25,129.375,156.40039512406457,600.0,14.400164703195987,0.1,0.0,0.1
75.0,-56.25,156.40039512406457,600.0,10.814052484107073,0.1,0.0,0.1
33.75,157.5,156.40039512406457,600.0,8.42320213218747,0.1,0.0,0.1
56.25,151.875,156.40039512406457,600.0,6.313227972878634,0.1,0.0,0.1
67.5,174.375,156.40039512406457,600.0,11.871070125418617,0.1,0.0,0.1
78.75,118.125,156.40039512406457,600.0,14.149255255616605,0.1,0.0,0.1
60.0,-135.0,156.40039512406457,600.0,15.473211732779518,0.1,0.0,0.1
-3.75,5.625,96.47495086068504,839.6367797851562,17.607444015521082,0.1,0.0,0.1
-41.25,-106.875,96.47495086068504,857.935791015625,10.496463035079273,0.1,0.0,0.1
52.5,112.5,96.47495086068504,525.8087768554688,17.77825057226098,0.1,0.0,0.1
-37.5,-95.625,96.47495086068504,516.5670166015625,14.844462139312867,0.1,0.0,0.1
60.0,84.375,96.47495086068504,462.31854248046875,8.124579575305985,0.1,0.0,0.1
48.75,78.75,96.47495086068504,589.2496948242188,14.845358213542905,0.1,0.0,0.1
-75.0,-163.125,96.47495086068504,592.4120483398438,13.326741747943297,0.1,0.0,0.1
26.25,-151.875,96.47495086068504,851.1293334960938,29.395666247590935,0.1,0.0,0.1
41.25,-11.25,96.47495086068504,774.6366577148438,11.446191633059499,0.1,0.0,0.1
-22.5,-84.375,96.47495086068504,860.612060546875,18.475210413009805,0.1,0.0,0.1
33.75,-22.5,96.47495086068504,628.3555297851562,16.720503969626233,0.1,0.0,0.1
-75.0,129.375,96.47495086068504,802.3320922851562,15.952279895442338,0.1,0.0,0.1
-63.75,-168.75,96.47495086068504,489.99285888671875,19.917192657667393,0.1,0.0,0.1
-30.0,-61.875,96.47495086068504,505.8394775390625,15.410345436382832,0.1,0.0,0.1
-7.5,-129.375,96.47495086068504,439.06732177734375,4.207768060388537,0.1,0.0,0.1
52.5,-135.0,96.47495086068504,667.1697998046875,15.700314198223838,0.1,0.0,0.1
22.5,-39.375,96.47495086068504,475.4070739746094,12.549615483288138,0.1,0.0,0.1
-67.5,112.5,96.47495086068504,890.4777221679688,7.370908089295209,0.1,0.0,0.1
78.75,135.0,96.47495086068504,613.9432983398438,13.277181807173854,0.1,0.0,0.1
82.5,151.875,96.47495086068504,858.0289306640625,10.487144956474516,0.1,0.0,0.1
-63.75,28.125,242.55136297711465,600.0,22.601442914789708,0.1,0.0,0.1
-86.25,73.125,242.55136297711465,600.0,16.175409794798654,0.1,0.0,0.1
63.75,-39.375,242.55136297711465,600.0,11.170051779240026,0.1,0.0,0.1
82.5,-129.375,242.55136297711465,600.0,14.58457328618193,0.1,0.0,0.1
-33.75,61.875,242.55136297711465,600.0,16.926508285164807,0.1,0.0,0.1
-48.75,73.125,242.55136297711465,600.0,11.217001115607406,0.1,0.0,0.1
-78.75,-180.0,242.55136297711465,600.0,13.158095800764155,0.1,0.0,0.1
41.25,-129.375,242.55136297711465,600.0,19.910453676301014,0.1,0.0,0.1
-60.0,-22.5,242.55136297711465,600.0,18.962290336063162,0.1,0.0,0.1
78.75,-135.0,242.55136297711465,600.0,11.572885345380538,0.1,0.0,0.1
33.75,123.75,242.55136297711465,600.0,16.523059387498222,0.1,0.0,0.1
78.75,11.25,242.55136297711465,600.0,14.925892522227661,0.1,0.0,0.1
3.75,-146.25,242.55136297711465,600.0,22.565825016128862,0.1,0.0,0.1
48.75,33.75,242.55136297711465,600.0,9.375154276459606,0.1,0.0,0.1
-7.5,-56.25,242.55136297711465,600.0,15.116318306190493,0.1,0.0,0.1
-86.25,106.875,242.55136297711465,600.0,15.883361924386016,0.1,0.0,0.1
15.0,33.75,242.55136297711465,600.0,15.123563106862113,0.1,0.0,0.1
86.25,-50.625,242.55136297711465,600.0,13.158836361270195,0.1,0.0,0.1
-33.75,-151.875,242.55136297711465,600.0,14.284738553093392,0.1,0.0,0.1
-41.25,78.75,242.55136297711465,600.0,16.313311354235005,0.1,0.0,0.1
-86.25,157.5,74.68854681485385,0.0196123868227005,20.18314312217108,0.1,0.0,0.1
26.25,56.25,74.68854681485385,0.0015571819385513663,13.859508435507728,0.1,0.0,0.1
-48.75,123.75,74.68854681485385,0.0035793555434793234,12.06670446662548,0.1,0.0,0.1
71.25,168.75,74.68854681485385,600.0,5.3569973102893425,0.1,0.0,0.1
11.25,-22.5,74.68854681485385,600.0,16.133269746248228,0.1,0.0,0.1
-48.75,-78.75,74.68854681485385,0.0076319510117173195,12.340276549370932,0.1,0.0,0.1
41.25,33.75,74.68854681485385,600.0,17.314844344801756,0.1,0.0,0.1
-78.75,11.25,74.68854681485385,600.0,16.65649415411179,0.1,0.0,0.1
-3.75,33.75,74.68854681485385,600.0,25.497319214771117,0.1,0.0,0.1
-48.75,135.0,74.68854681485385,0.01309442613273859,16.049297618321717,0.1,0.0,0.1
-56.25,112.5,74.68854681485385,600.0,26.76459709014741,0.1,0.0,0.1
-78.75,-22.5,74.68854681485385,600.0,21.066400264502683,0.1,0.0,0.1
86.25,78.75,74.68854681485385,0.0001533676404505968,8.77760060325077,0.1,0.0,0.1
-41.25,112.5,74.68854681485385,0.02131744846701622,9.334153818449845,0.1,0.0,0.1
-11.25,135.0,74.68854681485385,0.0016661633271723986,15.400200193858028,0.1,0.0,0.1
-33.75,-67.5,74.68854681485385,0.011919666081666946,11.616276984356766,0.1,0.0,0.1
63.75,135.0,74.68854681485385,0.015258095227181911,14.002437338326299,0.1,0.0,0.1
-11.25,0.0,74.68854681485385,0.016573980450630188,13.790453181272282,0.1,0.0,0.1
63.75,146.25,74.68854681485385,0.0028774170204997063,13.580829228678871,0.1,0.0,0.1
-86.25,146.25,74.68854681485385,600.0,16.274978553553908,0.1,0.0,0.1
-30.0,16.875,101.7939026713455,600.0,26.27446858160485,0.1,0.0,0.1
75.0,-101.25,101.7939026713455,600.0,3.7983204724178155,0.1,0.0,0.1
-63.75,45.0,101.7939026713455,600.0,12.73069131377302,0.1,0.0,0.1
-90.0,157.5,101.7939026713455,600.0,12.183903859626904,0.1,0.0,0.1
3.75,90.0,101.7939026713455,600.0,14.858497332849565,0.1,0.0,0.1
0.0,-151.875,101.7939026713455,600.0,18.10492938498414,0.1,0.0,0.1
7.5,-45.0,101.7939026713455,600.0,12.094699942675835,0.1,0.0,0.1
-60.0,-73.125,101.7939026713455,600.0,18.20455101612518,0.1,0.0,0.1
33.75,-67.5,101.7939026713455,600.0,9.889175116115304,0.1,0.0,0.1
75.0,157.5,101.7939026713455,600.0,13.313258346387727,0.1,0.0,0.1
60.0,95.625,101.7939026713455,600.0,15.081573421800192,0.1,0.0,0.1
45.0,-16.875,101.7939026713455,600.0,16.01287139670636,0.1,0.0,0.1
15.0,22.5,101.7939026713455,600.0,23.267506729505328,0.1,0.0,0.1
26.25,-67.5,101.7939026713455,600.0,14.390029413275736,0.1,0.0,0.1
30.0,-135.0,101.7939026713455,600.0,12.562903792972739,0.1,0.0,0.1
-63.75,-39.375,101.7939026713455,600.0,16.004073558113216,0.1,0.0,0.1
78.75,78.75,101.7939026713455,600.0,19.83947635288009,0.1,0.0,0.1
-60.0,61.875,101.7939026713455,600.0,8.353528942016267,0.1,0.0,0.1
11.25,16.875,101.7939026713455,600.0,13.627242575610172,0.1,0.0,0.1
56.25,-174.375,101.7939026713455,600.0,7.5418725001614115,0.1,0.0,0.1
11.25,135.0,296.2494386791894,600.0,13.443973273276363,0.1,0.0,0.1
37.5,-33.75,296.2494386791894,600.0,12.249441849747033,0.1,0.0,0.1
63.75,151.875,296.2494386791894,600.0,13.377786753035702,0.1,0.0,0.1
-71.25,123.75,296.2494386791894,600.0,17.60934935209265,0.1,0.0,0.1
75.0,-16.875,296.2494386791894,600.0,18.361817847124758,0.1,0.0,0.1
75.0,45.0,296.2494386791894,600.0,14.079832182428504,0.1,0.0,0.1
52.5,123.75,296.2494386791894,600.0,18.706731670916533,0.1,0.0,0.1
15.0,90.0,296.2494386791894,600.0,17.2555736125512,0.1,0.0,0.1
-30.0,-39.375,296.2494386791894,600.0,17.80014302168474,0.1,0.0,0.1
-33.75,-73.125,296.2494386791894,600.0,13.778323358915028,0.1,0.0,0.1
-82.5,146.25,296.2494386791894,600.0,15.337523963829275,0.1,0.0,0.1
52.5,-118.125,296.2494386791894,600.0,22.714024021163517,0.1,0.0,0.1
7.5,95.625,296.2494386791894,600.0,18.74882773904201,0.1,0.0,0.1
-7.5,-11.25,296.2494386791894,600.0,19.41498084285759,0.1,0.0,0.1
82.5,90.0,296.2494386791894,600.0,14.153412899256487,0.1,0.0,0.1
-75.0,118.125,296.2494386791894,600.0,4.065184703408093,0.1,0.0,0.1
-33.75,-67.5,296.2494386791894,600.0,29.681401993462735,0.1,0.0,0.1
-37.5,-16.875,296.2494386791894,600.0,12.641684455741498,0.1,0.0,0.1
-71.25,118.125,296.2494386791894,600.0,24.494681393994536,0.1,0.0,0.1
-48.75,106.875,296.2494386791894,600.0,19.600840364135173,0.1,0.0,0.1
41.25,-22.5,352.09658430291773,600.0,17.806835262887738,0.1,0.0,0.1
67.5,78.75,352.09658430291773,600.0,13.192846234900882,0.1,0.0,0.1
-37.5,129.375,352.09658430291773,600.0,14.488898453631823,0.1,0.0,0.1
48.75,-67.5,352.09658430291773,600.0,10.073385069568046,0.1,0.0,0.1
0.0,-5.625,352.09658430291773,600.0,13.599866153303179,0.1,0.0,0.1
-75.0,-67.5,352.09658430291773,600.0,17.229521528321037,0.1,0.0,0.1
-22.5,-45.0,352.09658430291773,600.0,24.520938761419597,0.1,0.0,0.1
-63.75,-112.5,352.09658430291773,600.0,18.455396230458238,0.1,0.0,0.1
7.5,-28.125,352.09658430291773,600.0,5.796212638312246,0.1,0.0,0.1
3.75,146.25,352.09658430291773,600.0,16.356836702576704,0.1,0.0,0.1
0.0,45.0,352.09658430291773,600.0,11.721094788033819,0.1,0.0,0.1
-3.75,-157.5,352.09658430291773,600.0,6.888573097729319,0.1,0.0,0.1
71.25,67.5,352.09658430291773,600.0,14.551575888891161,0.1,0.0,0.1
-33.75,0.0,352.09658430291773,600.0,19.52440320558936,0.1,0.0,0.1
56.25,73.125,352.09658430291773,600.0,12.876762087519035,0.1,0.0,0.1
-11.25,-174.375,352.09658430291773,600.0,14.852350674425907,0.1,0.0,0.1
-78.75,-140.625,352.09658430291773,600.0,17.054260349354887,0.1,0.0,0.1
-75.0,118.125,352.09658430291773,600.0,14.460427287986365,0.1,0.0,0.1
-37.5,45.0,352.09658430291773,600.0,4.613012855571316,0.1,0.0,0.1
-3.75,101.25,352.09658430291773,600.0,15.97066545867609,0.1,0.0,0.1
37.5,101.25,32.179746462401354,600.0,19.667255361218675,0.1,0.0,0.1
22.5,-146.25,32.179746462401354,600.0,18.29072999502902,0.1,0.0,0.1
82.5,-146.25,32.179746462401354,600.0,21.710613218889065,0.1,0.0,0.1
45.0,135.0,32.179746462401354,600.0,12.88451112765761,0.1,0.0,0.1
-86.25,135.0,32.179746462401354,600.0,15.001042174742937,0.1,0.0,0.1
-18.75,67.5,32.179746462401354,600.0,21.683302530896356,0.1,0.0,0.1
-82.5,0.0,32.179746462401354,600.0,15.42978389167075,0.1,0.0,0.1
90.0,56.25,32.179746462401354,600.0,12.413334482804906,0.1,0.0,0.1
-7.5,5.625,32.179746462401354,600.0,9.733328965245775,0.1,0.0,0.1
-41.25,90.0,32.179746462401354,600.0,14.182765683714894,0.1,0.0,0.1
75.0,-73.125,32.179746462401354,600.0,14.326774308783625,0.1,0.0,0.1
82.5,-90.0,32.179746462401354,600.0,6.319354689887351,0.1,0.0,0.1
18.75,39.375,32.179746462401354,600.0,16.310301898058746,0.1,0.0,0.1
-78.75,-123.75,32.179746462401354,600.0,10.498376730687177,0.1,0.0,0.1
67.5,-67.5,32.179746462401354,600.0,15.441766662602827,0.1,0.0,0.1
3.75,151.875,32.179746462401354,600.0,15.249316123763153,0.1,0.0,0.1
-48.75,-45.0,32.179746462401354,600.0,11.542657500274107,0.1,0.0,0.1
7.5,-140.625,32.179746462401354,600.0,11.82651182686182,0.1,0.0,0.1
-63.75,157.5,32.179746462401354,600.0,8.731919967342535,0.1,0.0,0.1
-75.0,33.75,32.179746462401354,600.0,22.55234120716079,0.1,0.0,0.1
18.75,-168.75,48.56191633755023,600.0,19.750750681398806,0.1,0.0,0.1
-52.5,101.25,48.56191633755023,600.0,19.572752799598426,0.1,0.0,0.1
-71.25,-56.25,48.56191633755023,600.0,14.898411249390843,0.1,0.0,0.1
-86.25,-151.875,48.56191633755023,600.0,15.161852110964013,0.1,0.0,0.1
63.75,-129.375,48.56191633755023,600.0,22.135214336506763,0.1,0.0,0.1
45.0,-101.25,48.56191633755023,600.0,13.238609211951784,0.1,0.0,0.1
-45.0,-78.75,48.56191633755023,600.0,10.24996840320409,0.1,0.0,0.1
41.25,95.625,48.56191633755023,600.0,11.170725023608405,0.1,0.0,0.1
-78.75,-16.875,48.56191633755023,600.0,14.02660300816144,0.1,0.0,0.1
56.25,67.5,48.56191633755023,600.0,17.970719928790608,0.1,0.0,0.1
18.75,-28.125,48.56191633755023,600.0,24.739735340595338,0.1,0.0,0.1
-90.0,-78.75,48.56191633755023,600.0,15.193829538069023,0.1,0.0,0.1
3.75,73.125,48.56191633755023,600.0,6.961619501464602,0.1,0.0,0.1
41.25,73.125,48.56191633755023,600.0,14.847590965370998,0.1,0.0,0.1
30.0,-129.375,48.56191633755023,600.0,15.521065782000084,0.1,0.0,0.1
-41.25,163.125,48.56191633755023,600.0,21.111292559798606,0.1,0.0,0.1
-18.75,-5.625,48.56191633755023,600.0,16.145718138923193,0.1,0.0,0.1
63.75,-135.0,48.56191633755023,600.0,9.30722732100514,0.1,0.0,0.1
-48.75,168.75,48.56191633755023,600.0,15.132285986094338,0.1,0.0,0.1
45.0,-95.625,48.56191633755023,600.0,10.791554782105283,0.1,0.0,0.1
-11.25,56.25,274.07434050710805,0.0015022282022982836,11.923829144178491,0.1,0.0,0.1
86.25,78.75,274.07434050710805,600.0,10.82283981249175,0.1,0.0,0.1
-33.75,168.75,274.07434050710805,600.0,7.934517490890104,0.1,0.0,0.1
78.75,146.25,274.07434050710805,0.009018149226903915,21.029046736002268,0.1,0.0,0.1
-56.25,67.5,274.07434050710805,0.018375158309936523,12.09724839774728,0.1,0.0,0.1
86.25,-56.25,274.07434050710805,600.0,11.469859706561552,0.1,0.0,0.1
-11.25,157.5,274.07434050710805,0.0007398236775770783,14.898785846922467,0.1,0.0,0.1
41.25,-135.0,274.07434050710805,600.0,11.837696444004163,0.1,0.0,0.1
41.25,-168.75,274.07434050710805,600.0,17.236681544914482,0.1,0.0,0.1
-63.75,157.5,274.07434050710805,600.0,10.367685956620127,0.1,0.0,0.1
78.75,-180.0,274.07434050710805,0.0020204284228384495,16.734756854268426,0.1,0.0,0.1
11.25,22.5,274.07434050710805,600.0,19.905781735154353,0.1,0.0,0.1
-71.25,146.25,274.07434050710805,0.001354401232674718,13.35447070631997,0.1,0.0,0.1
3.75,67.5,274.07434050710805,0.0005030954489484429,19.13690175611332,0.1,0.0,0.1
33.75,-11.25,274.07434050710805,0.016339333727955818,11.335877592218953,0.1,0.0,0.1
26.25,168.75,274.07434050710805,0.0028192440513521433,14.232852820114871,0.1,0.0,0.1
56.25,-180.0,274.07434050710805,0.005215122364461422,8.455628541113795,0.1,0.0,0.1
-71.25,78.75,274.07434050710805,600.0,19.124120884638447,0.1,0.0,0.1
-48.75,-67.5,274.07434050710805,600.0,18.215638300737663,0.1,0.0,0.1
-33.75,-56.25,274.07434050710805,600.0,24.118728228400055,0.1,0.0,0.1
-11.25,45.0,350.9814282845051,0.015069909393787384,10.350908482109968,0.1,0.0,0.1
33.75,146.25,350.9814282845051,0.0009607912506908178,15.473566864302152,0.1,0.0,0.1
41.25,-22.5,350.9814282845051,0.011666189879179,14.95103627726275,0.1,0.0,0.1
-56.25,-180.0,350.9814282845051,0.03003486432135105,23.64518395276523,0.1,0.0,0.1
3.75,11.25,350.9814282845051,600.0,7.526118274449526,0.1,0.0,0.1
-86.25,45.0,350.9814282845051,600.0,17.0589621757664,0.1,0.0,0.1
3.75,-56.25,350.9814282845051,600.0,14.386056909535798,0.1,0.0,0.1
-71.25,-157.5,350.9814282845051,600.0,12.108768868499418,0.1,0.0,0.1
-78.75,-56.25,350.9814282845051,600.0,14.168452775963038,0.1,0.0,0.1
33.75,45.0,350.9814282845051,600.0,13.730493401990945,0.1,0.0,0.1
63.75,56.25,350.9814282845051,0.007550894282758236,15.006008251870687,0.1,0.0,0.1
18.75,-101.25,350.9814282845051,0.003940182738006115,12.750871754100348,0.1,0.0,0.1
33.75,-146.25,350.9814282845051,0.002625753404572606,14.065072334956252,0.1,0.0,0.1
3.75,-146.25,350.9814282845051,600.0,19.094060085491208,0.1,0.0,0.1
33.75,-146.25,350.9814282845051,600.0,9.921679580621138,0.1,0.0,0.1
-18.75,78.75,350.9814282845051,0.022592512890696526,14.384811754651512,0.1,0.0,0.1
71.25,101.25,350.9814282845051,0.001664973795413971,16.649674384951798,0.1,0.0,0.1
-26.25,78.75,350.9814282845051,0.01415420975536108,15.797884735669918,0.1,0.0,0.1
78.75,146.25,350.9814282845051,0.0008209552615880966,6.965474387553433,0.1,0.0,0.1
-41.25,112.5,350.9814282845051,0.00810790155082941,12.19204970130188,0.1,0.0,0.1
82.5,-11.25,45.88692297622222,600.0,12.280867710549302,0.1,0.0,0.1
-3.75,16.875,45.88692297622222,600.0,14.104227734747546,0.1,0.0,0.1
-82.5,-112.5,45.88692297622222,600.0,8.809615870879906,0.1,0.0,0.1
-71.25,-140.625,45.88692297622222,600.0,18.714261843621742,0.1,0.0,0.1
30.0,-16.875,45.88692297622222,600.0,14.38340494227901,0.1,0.0,0.1
30.0,163.125,45.88692297622222,600.0,21.627641229829234,0.1,0.0,0.1
-15.0,-28.125,45.88692297622222,600.0,16.248440102618463,0.1,0.0,0.1
-86.25,-151.875,45.88692297622222,600.0,11.157180379703354,0.1,0.0,0.1
-26.25,28.125,45.88692297622222,600.0,16.90349412792651,0.1,0.0,0.1
-45.0,-174.375,45.88692297622222,600.0,23.790032960208215,0.1,0.0,0.1
-26.25,-56.25,45.88692297622222,600.0,11.821305768921464,0.1,0.0,0.1
-52.5,-135.0,45.88692297622222,600.0,24.721586676385396,0.1,0.0,0.1
52.5,129.375,45.88692297622222,600.0,15.202135815897996,0.1,0.0,0.1
-37.5,28.125,45.88692297622222,600.0,8.77149193707825,0.1,0.0,0.1
-7.5,78.75,45.88692297622222,600.0,17.058440396339666,0.1,0.0,0.1
63.75,168.75,45.88692297622222,600.0,17.25145046625113,0.1,0.0,0.1
-26.25,-73.125,45.88692297622222,600.0,18.08049703913958,0.1,0.0,0.1
30.0,106.875,45.88692297622222,600.0,19.963936376354393,0.1,0.0,0.1
-18.75,11.25,45.88692297622222,600.0,12.883401275698379,0.1,0.0,0.1
-37.5,-163.125,45.88692297622222,600.0,19.142167081532936,0.1,0.0,0.1
71.25,-135.0,245.62422560685692,0.0033072333317250013,17.788475755231318,0.1,0.0,0.1
-11.25,56.25,245.62422560685692,0.01584208756685257,17.21148853596049,0.1,0.0,0.1
-48.75,-146.25,245.62422560685692,600.0,7.930995441194193,0.1,0.0,0.1
63.75,168.75,245.62422560685692,0.002142150653526187,5.365792719860231,0.1,0.0,0.1
-11.25,146.25,245.62422560685692,0.006357635837048292,6.87471790803629,0.1,0.0,0.1
48.75,78.75,245.62422560685692,600.0,14.33022025885726,0.1,0.0,0.1
-11.25,-33.75,245.62422560685692,600.0,16.43144893287317,0.1,0.0,0.1
63.75,157.5,245.62422560685692,0.01410674024373293,13.12011664558081,0.1,0.0,0.1
-41.25,101.25,245.62422560685692,600.0,15.646220481044304,0.1,0.0,0.1
26.25,-157.5,245.62422560685692,0.006641974672675133,12.308755837556724,0.1,0.0,0.1
-71.25,78.75,245.62422560685692,600.0,9.800364276833207,0.1,0.0,0.1
-11.25,-33.75,245.62422560685692,600.0,10.811238566698774,0.1,0.0,0.1
-18.75,78.75,245.62422560685692,0.00037500134203583,8.694758841066239,0.1,0.0,0.1
-11.25,-78.75,245.62422560685692,600.0,16.02742056004121,0.1,0.0,0.1
3.75,-33.75,245.62422560685692,600.0,9.053839668566063,0.1,0.0,0.1
-26.25,101.25,245.62422560685692,600.0,13.172118001309464,0.1,0.0,0.1
71.25,-123.75,245.62422560685692,600.0,11.64546805663738,0.1,0.0,0.1
-48.75,-123.75,245.62422560685692,0.00834062322974205,16.092820064385368,0.1,0.0,0.1
71.25,-78.75,245.62422560685692,0.011184711940586567,20.807887561816553,0.1,0.0,0.1
-56.25,-135.0,245.62422560685692,0.012024947442114353,11.849105453749242,0.1,0.0,0.1
-15.0,-39.375,228.07216773008363,600.0,2.2145863215848074,0.1,0.0,0.1
-71.25,163.125,228.07216773008363,600.0,10.379000603567992,0.1,0.0,0.1
41.25,-146.25,228.07216773008363,600.0,11.200958590691771,0.1,0.0,0.1
71.25,106.875,228.07216773008363,600.0,15.904416258810004,0.1,0.0,0.1
45.0,-123.75,228.07216773008363,600.0,11.946903822266151,0.1,0.0,0.1
75.0,-84.375,228.07216773008363,600.0,22.44602447077632,0.1,0.0,0.1
56.25,28.125,228.07216773008363,600.0,21.71215609177301,0.1,0.0,0.1
-41.25,-112.5,228.07216773008363,600.0,21.793791180568842,0.1,0.0,0.1
-7.5,123.75,228.07216773008363,600.0,23.15789955324358,0.1,0.0,0.1
-90.0,-73.125,228.07216773008363,600.0,15.72072450861944,0.1,0.0,0.1
-33.75,-16.875,228.07216773008363,600.0,16.877895079288276,0.1,0.0,0.1
-82.5,135.0,228.07216773008363,600.0,18.36659597333093,0.1,0.0,0.1
-82.5,0.0,228.07216773008363,600.0,13.459072324371292,0.1,0.0,0.1
22.5,11.25,228.07216773008363,600.0,22.678024156836166,0.1,0.0,0.1
22.5,-180.0,228.07216773008363,600.0,9.211198020430146,0.1,0.0,0.1
-86.25,118.125,228.07216773008363,600.0,13.947310975643067,0.1,0.0,0.1
37.5,-5.625,228.07216773008363,600.0,17.995306572093497,0.1,0.0,0.1
-71.25,-56.25,228.07216773008363,600.0,15.125560730513465,0.1,0.0,0.1
60.0,78.75,228.07216773008363,600.0,9.389001242358674,0.1,0.0,0.1
37.5,-39.375,228.07216773008363,600.0,11.437986075672388,0.1,0.0,0.1
0.0,-39.375,244.21994835096274,600.0,13.650855023125784,0.1,0.0,0.1
-26.25,123.75,244.21994835096274,600.0,13.868072848048508,0.1,0.0,0.1
-48.75,129.375,244.21994835096274,600.0,12.756161799421191,0.1,0.0,0.1
-15.0,112.5,244.21994835096274,600.0,9.002999998035618,0.1,0.0,0.1
3.75,-112.5,244.21994835096274,600.0,16.096333868814952,0.1,0.0,0.1
-82.5,-106.875,244.21994835096274,600.0,18.307222440243645,0.1,0.0,0.1
-37.5,-61.875,244.21994835096274,600.0,17.945158131570857,0.1,0.0,0.1
-67.5,22.5,244.21994835096274,600.0,15.779753208255054,0.1,0.0,0.1
15.0,-163.125,244.21994835096274,600.0,14.642275204855176,0.1,0.0,0.1
7.5,174.375,244.21994835096274,600.0,20.73124936356834,0.1,0.0,0.1
-82.5,106.875,244.21994835096274,600.0,15.142516463007055,0.1,0.0,0.1
-26.25,106.875,244.21994835096274,600.0,15.973423957129086,0.1,0.0,0.1
90.0,11.25,244.21994835096274,600.0,21.458734878406148,0.1,0.0,0.1
3.75,39.375,244.21994835096274,600.0,19.48905260591505,0.1,0.0,0.1
-45.0,-90.0,244.21994835096274,600.0,27.935212451341826,0.1,0.0,0.1
0.0,146.25,244.21994835096274,600.0,18.11475061796039,0.1,0.0,0.1
-86.25,157.5,244.21994835096274,600.0,16.98603821422255,0.1,0.0,0.1
-48.75,-16.875,244.21994835096274,600.0,18.19517262920933,0.1,0.0,0.1
-18.75,-168.75,244.21994835096274,600.0,12.912828211664511,0.1,0.0,0.1
15.0,-5.625,244.21994835096274,600.0,10.819801528986993,0.1,0.0,0.1
-63.75,-67.5,296.9608159101256,0.0017751945415511727,20.545605869698782,0.1,0.0,0.1
-33.75,33.75,296.9608159101256,0.0023719696328043938,12.745493879500321,0.1,0.0,0.1
63.75,0.0,296.9608159101256,600.0,12.012971362391397,0.1,0.0,0.1
86.25,-157.5,296.9608159101256,0.01769019477069378,12.423683841546653,0.1,0.0,0.1
-26.25,135.0,296.9608159101256,600.0,15.342260274144927,0.1,0.0,0.1
-86.25,-78.75,296.9608159101256,0.001034903689287603,8.651367440871887,0.1,0.0,0.1
-11.25,135.0,296.9608159101256,0.004861223977059126,20.066428984571928,0.1,0.0,0.1
18.75,-112.5,296.9608159101256,0.0008679282036609948,16.78187645467125,0.1,0.0,0.1
-63.75,78.75,296.9608159101256,600.0,20.607391996025765,0.1,0.0,0.1
-63.75,-33.75,296.9608159101256,600.0,22.48501489409327,0.1,0.0,0.1
-33.75,78.75,296.9608159101256,600.0,23.856285879632907,0.1,0.0,0.1
-56.25,-135.0,296.9608159101256,0.008758381009101868,9.081983713930804,0.1,0.0,0.1
78.75,90.0,296.9608159101256,0.007374427746981382,16.780915912671272,0.1,0.0,0.1
-11.25,45.0,296.9608159101256,0.015328279696404934,9.867316070785849,0.1,0.0,0.1
-86.25,-33.75,296.9608159101256,0.011440516449511051,10.490810169215536,0.1,0.0,0.1
11.25,-67.5,296.9608159101256,0.015660429373383522,16.901641801594483,0.1,0.0,0.1
-78.75,-22.5,296.9608159101256,600.0,21.37506439465292,0.1,0.0,0.1
33.75,112.5,296.9608159101256,600.0,26.167444459460114,0.1,0.0,0.1
11.25,56.25,296.9608159101256,600.0,14.026457313779828,0.1,0.0,0.1
78.75,0.0,296.9608159101256,600.0,19.423082837992485,0.1,0.0,0.1
48.75,-95.625,90.9462049836272,600.0,6.351799490361515,0.1,0.0,0.1
26.25,129.375,90.9462049836272,600.0,12.084487709402126,0.1,0.0,0.1
-82.5,33.75,90.9462049836272,600.0,15.448609356458345,0.1,0.0,0.1
18.75,28.125,90.9462049836272,600.0,13.085204393484116,0.1,0.0,0.1
52.5,-129.375,90.9462049836272,600.0,26.479049592571556,0.1,0.0,0.1
-18.75,129.375,90.9462049836272,600.0,26.390399160250098,0.1,0.0,0.1
-90.0,67.5,90.9462049836272,600.0,12.834222592105272,0.1,0.0,0.1
56.25,11.25,90.9462049836272,600.0,10.184681577003497,0.1,0.0,0.1
-86.25,-180.0,90.9462049836272,600.0,17.890771686368062,0.1,0.0,0.1
15.0,140.625,90.9462049836272,600.0,18.6641540211138,0.1,0.0,0.1
-63.75,73.125,90.9462049836272,600.0,14.74984561269651,0.1,0.0,0.1
22.5,-151.875,90.9462049836272,600.0,14.452828243320347,0.1,0.0,0.1
-78.75,61.875,90.9462049836272,600.0,26.48390390187611,0.1,0.0,0.1
-52.5,140.625,90.9462049836272,600.0,19.964277527177536,0.1,0.0,0.1
30.0,78.75,90.9462049836272,600.0,19.735555275329478,0.1,0.0,0.1
-82.5,-95.625,90.9462049836272,600.0,6.79869085434416,0.1,0.0,0.1
15.0,163.125,90.9462049836272,600.0,11.44259817878256,0.1,0.0,0.1
71.25,-16.875,90.9462049836272,600.0,8.682149628863638,0.1,0.0,0.1
-11.25,-22.5,90.9462049836272,600.0,16.058954080288594,0.1,0.0,0.1
90.0,-112.5,90.9462049836272,600.0,21.39662515105703,0.1,0.0,0.1
0.0,50.625,259.6369435732601,479.70904541015625,21.5939054627221,0.1,0.0,0.1
-75.0,146.25,259.6369435732601,852.9121704101562,12.131919120096663,0.1,0.0,0.1
60.0,67.5,259.6369435732601,467.5492858886719,23.276363235783542,0.1,0.0,0.1
-7.5,-174.375,259.6369435732601,705.1432495117188,7.1476551361987175,0.1,0.0,0.1
-3.75,-33.75,259.6369435732601,543.7241821289062,11.634988833198273,0.1,0.0,0.1
-86.25,-33.75,259.6369435732601,781.1039428710938,14.018608209112772,0.1,0.0,0.1
-37.5,123.75,259.6369435732601,541.0921020507812,17.869934260492286,0.1,0.0,0.1
-33.75,157.5,259.6369435732601,914.745361328125,15.047536652506698,0.1,0.0,0.1
45.0,-168.75,259.6369435732601,514.16552734375,19.532414594118983,0.1,0.0,0.1
75.0,56.25,259.6369435732601,796.8775634765625,15.69957670881941,0.1,0.0,0.1
75.0,-16.875,259.6369435732601,452.1748046875,16.099286174198728,0.1,0.0,0.1
-56.25,151.875,259.6369435732601,467.93853759765625,26.203040126237084,0.1,0.0,0.1
-52.5,-78.75,259.6369435732601,501.4394226074219,10.731541442965927,0.1,0.0,0.1
41.25,39.375,259.6369435732601,795.7977905273438,14.964707210943407,0.1,0.0,0.1
11.25,-112.5,259.6369435732601,878.9412841796875,8.528976900783809,0.1,0.0,0.1
22.5,118.125,259.6369435732601,622.3985595703125,22.15139940711236,0.1,0.0,0.1
-78.75,-140.625,259.6369435732601,445.0133972167969,16.980668180486198,0.1,0.0,0.1
-63.75,-84.375,259.6369435732601,870.0656127929688,18.052291115034116,0.1,0.0,0.1
-56.25,67.5,259.6369435732601,574.7510986328125,7.318838857330135,0.1,0.0,0.1
-22.5,-106.875,259.6369435732601,854.527587890625,20.226195078603794,0.1,0.0,0.1
56.25,168.75,69.77946219069757,600.0,15.140064918502931,0.1,0.0,0.1
-78.75,16.875,69.77946219069757,600.0,21.184687593027622,0.1,0.0,0.1
3.75,-163.125,69.77946219069757,600.0,16.263810770963516,0.1,0.0,0.1
90.0,0.0,69.77946219069757,600.0,18.10806984525692,0.1,0.0,0.1
63.75,50.625,69.77946219069757,600.0,22.68189909094924,0.1,0.0,0.1
45.0,-50.625,69.77946219069757,600.0,10.072786453792428,0.1,0.0,0.1
-82.5,140.625,69.77946219069757,600.0,19.59048136324091,0.1,0.0,0.1
-78.75,123.75,69.77946219069757,600.0,16.3027522269062,0.1,0.0,0.1
-71.25,-112.5,69.77946219069757,600.0,14.446569220648948,0.1,0.0,0.1
-90.0,90.0,69.77946219069757,600.0,12.5125519175233,0.1,0.0,0.1
-15.0,-163.125,69.77946219069757,600.0,16.322795060538304,0.1,0.0,0.1
30.0,-45.0,69.77946219069757,600.0,19.835434209469415,0.1,0.0,0.1
33.75,-73.125,69.77946219069757,600.0,12.909237991267686,0.1,0.0,0.1
-63.75,-45.0,69.77946219069757,600.0,18.429428869616302,0.1,0.0,0.1
-86.25,174.375,69.77946219069757,600.0,19.535168626022365,0.1,0.0,0.1
-22.5,168.75,69.77946219069757,600.0,13.058263192320428,0.1,0.0,0.1
-33.75,-28.125,69.77946219069757,600.0,5.344295415774322,0.1,0.0,0.1
-11.25,-50.625,69.77946219069757,600.0,17.690848340528152,0.1,0.0,0.1
0.0,0.0,69.77946219069757,600.0,10.173712396607868,0.1,0.0,0.1
41.25,135.0,69.77946219069757,600.0,30.673513447881795,0.1,0.0,0.1
56.25,-90.0,252.51150606339502,600.0,13.478100763905198,0.1,0.0,0.1
-67.5,-5.625,252.51150606339502,600.0,16.995344037671426,0.1,0.0,0.1
33.75,135.0,252.51150606339502,600.0,9.692552644975018,0.1,0.0,0.1
26.25,-135.0,252.51150606339502,600.0,16.791892845699405,0.1,0.0,0.1
-11.25,-33.75,252.51150606339502,600.0,10.656289690520364,0.1,0.0,0.1
-90.0,84.375,252.51150606339502,600.0,12.589608196021274,0.1,0.0,0.1
33.75,-56.25,252.51150606339502,600.0,10.4971715605505,0.1,0.0,0.1
-37.5,-78.75,252.51150606339502,600.0,22.125963025214663,0.1,0.0,0.1
-18.75,146.25,252.51150606339502,600.0,14.925946404806396,0.1,0.0,0.1
30.0,78.75,252.51150606339502,600.0,14.273551353856426,0.1,0.0,0.1
-67.5,157.5,252.51150606339502,600.0,20.87683947482475,0.1,0.0,0.1
-56.25,-112.5,252.51150606339502,600.0,15.293001961090022,0.1,0.0,0.1
-78.75,-118.125,252.51150606339502,600.0,-0.08761043061948648,0.1,0.0,0.1
26.25,146.25,252.51150606339502,600.0,21.51628430366886,0.1,0.0,0.1
41.25,-112.5,252.51150606339502,600.0,13.639029805518408,0.1,0.0,0.1
-60.0,-135.0,252.51150606339502,600.0,7.827296398929239,0.1,0.0,0.1
-37.5,5.625,252.51150606339502,600.0,14.479959961978782,0.1,0.0,0.1
-15.0,-180.0,252.51150606339502,600.0,7.124955162136764,0.1,0.0,0.1
22.5,-112.5,252.51150606339502,600.0,18.16701631256749,0.1,0.0,0.1
75.0,0.0,252.51150606339502,600.0,9.790161223013758,0.1,0.0,0.1
-52.5,5.625,136.15560836762506,600.0,13.954739021724322,0.1,0.0,0.1
-52.5,61.875,136.15560836762506,600.0,16.286966914349655,0.1,0.0,0.1
-37.5,-123.75,136.15560836762506,600.0,16.633144492296108,0.1,0.0,0.1
-33.75,-163.125,136.15560836762506,600.0,10.416336130369267,0.1,0.0,0.1
-75.0,-39.375,136.15560836762506,600.0,11.170671363965331,0.1,0.0,0.1
60.0,-112.5,136.15560836762506,600.0,9.474926165103046,0.1,0.0,0.1
-33.75,-11.25,136.15560836762506,600.0,10.600944849441838,0.1,0.0,0.1
-90.0,168.75,136.15560836762506,600.0,12.693480628542336,0.1,0.0,0.1
26.25,-106.875,136.15560836762506,600.0,13.644800402868583,0.1,0.0,0.1
67.5,174.375,136.15560836762506,600.0,22.84769988931876,0.1,0.0,0.1
41.25,-28.125,136.15560836762506,600.0,20.059059686071855,0.1,0.0,0.1
-78.75,-112.5,136.15560836762506,600.0,10.992375796480042,0.1,0.0,0.1
75.0,-95.625,136.15560836762506,600.0,17.240823976847697,0.1,0.0,0.1
86.25,-140.625,136.15560836762506,600.0,11.148911696714745,0.1,0.0,0.1
3.75,-61.875,136.15560836762506,600.0,10.628335038303403,0.1,0.0,0.1
-56.25,-22.5,136.15560836762506,600.0,11.490064689967298,0.1,0.0,0.1
3.75,-174.375,136.15560836762506,600.0,12.712465232050572,0.1,0.0,0.1
-26.25,-16.875,136.15560836762506,600.0,4.681256564463103,0.1,0.0,0.1
71.25,135.0,136.15560836762506,600.0,12.027516238775071,0.1,0.0,0.1
-3.75,-22.5,136.15560836762506,600.0,8.921904642330958,0.1,0.0,0.1
11.25,45.0,1.6510839470008554,600.0,18.584435907924195,0.1,0.0,0.1
-33.75,106.875,1.6510839470008554,600.0,4.673646155130427,0.1,0.0,0.1
37.5,-45.0,1.6510839470008554,600.0,20.35356097558761,0.1,0.0,0.1
-18.75,-180.0,1.6510839470008554,600.0,19.706793651938867,0.1,0.0,0.1
-7.5,-157.5,1.6510839470008554,600.0,17.399162756231323,0.1,0.0,0.1
48.75,-106.875,1.6510839470008554,600.0,15.409587887740868,0.1,0.0,0.1
75.0,-157.5,1.6510839470008554,600.0,11.792939216325289,0.1,0.0,0.1
67.5,-168.75,1.6510839470008554,600.0,4.266361706889061,0.1,0.0,0.1
15.0,-123.75,1.6510839470008554,600.0,16.591952802104622,0.1,0.0,0.1
78.75,84.375,1.6510839470008554,600.0,11.595679297511245,0.1,0.0,0.1
60.0,45.0,1.6510839470008554,600.0,15.116516648613318,0.1,0.0,0.1
37.5,129.375,1.6510839470008554,600.0,18.984406314848528,0.1,0.0,0.1
-52.5,-168.75,1.6510839470008554,600.0,19.94660868920647,0.1,0.0,0.1
11.25,-61.875,1.6510839470008554,600.0,17.315362876789937,0.1,0.0,0.1
-60.0,95.625,1.6510839470008554,600.0,11.426119363029901,0.1,0.0,0.1
0.0,174.375,1.6510839470008554,600.0,12.316395544094686,0.1,0.0,0.1
-56.25,-39.375,1.6510839470008554,600.0,19.325246172320146,0.1,0.0,0.1
56.25,-123.75,1.6510839470008554,600.0,16.78895288198325,0.1,0.0,0.1
-37.5,45.0,1.6510839470008554,600.0,13.461830569233255,0.1,0.0,0.1
56.25,45.0,1.6510839470008554,600.0,12.063511782690888,0.1,0.0,0.1
-67.5,-45.0,219.0697485579325,364.8851623535156,14.82586597726606,0.1,0.0,0.1
-75.0,-174.375,219.0697485579325,473.8443603515625,17.54884948399731,0.1,0.0,0.1
90.0,106.875,219.0697485579325,506.2469482421875,12.367874377744357,0.1,0.0,0.1
-3.75,11.25,219.0697485579325,772.5247802734375,8.781491111403938,0.1,0.0,0.1
-15.0,-95.625,219.0697485579325,811.9691162109375,13.88738600843507,0.1,0.0,0.1
15.0,101.25,219.0697485579325,451.8732604980469,13.390878008659495,0.1,0.0,0.1
78.75,90.0,219.0697485579325,922.7481689453125,17.00133398841634,0.1,0.0,0.1
-45.0,123.75,219.0697485579325,455.73162841796875,11.760249630079825,0.1,0.0,0.1
-22.5,-140.625,219.0697485579325,575.1947631835938,18.81177954714402,0.1,0.0,0.1
67.5,-157.5,219.0697485579325,702.4854736328125,12.092122042843654,0.1,0.0,0.1
-26.25,16.875,219.0697485579325,534.9890747070312,19.64037187738922,0.1,0.0,0.1
-30.0,84.375,219.0697485579325,517.8394165039062,19.514600905076442,0.1,0.0,0.1
-26.25,90.0,219.0697485579325,331.2441101074219,15.691009982799962,0.1,0.0,0.1
33.75,50.625,219.0697485579325,501.51953125,16.842474377013534,0.1,0.0,0.1
67.5,-22.5,219.0697485579325,469.47467041015625,18.594063671811902,0.1,0.0,0.1
15.0,28.125,219.0697485579325,382.7005920410156,14.296398585317942,0.1,0.0,0.1
56.25,61.875,219.0697485579325,572.1617431640625,13.65222910423503,0.1,0.0,0.1
63.75,-95.625,219.0697485579325,841.3383178710938,16.192540772921408,0.1,0.0,0.1
-3.75,-118.125,219.0697485579325,546.3352661132812,13.405669520061355,0.1,0.0,0.1
0.0,-129.375,219.0697485579325,541.6192016601562,15.911019951977279,0.1,0.0,0.1
-82.5,-33.75,265.7930361058729,600.0,21.57320071805278,0.1,0.0,0.1
48.75,22.5,265.7930361058729,600.0,16.193605839136975,0.1,0.0,0.1
56.25,-95.625,265.7930361058729,600.0,11.998070344645402,0.1,0.0,0.1
30.0,123.75,265.7930361058729,600.0,8.247633746480476,0.1,0.0,0.1
-90.0,101.25,265.7930361058729,600.0,10.275184532287655,0.1,0.0,0.1
56.25,33.75,265.7930361058729,600.0,11.628945120179615,0.1,0.0,0.1
-60.0,78.75,265.7930361058729,600.0,21.73549326007084,0.1,0.0,0.1
-48.75,-174.375,265.7930361058729,600.0,11.500305248497293,0.1,0.0,0.1
-48.75,140.625,265.7930361058729,600.0,18.720295857220066,0.1,0.0,0.1
15.0,78.75,265.7930361058729,600.0,13.813801533881868,0.1,0.0,0.1
37.5,151.875,265.7930361058729,600.0,4.666724789533443,0.1,0.0,0.1
52.5,28.125,265.7930361058729,600.0,9.450913133715757,0.1,0.0,0.1
75.0,-33.75,265.7930361058729,600.0,16.301410731168872,0.1,0.0,0.1
37.5,50.625,265.7930361058729,600.0,6.556915537238568,0.1,0.0,0.1
-33.75,-112.5,265.7930361058729,600.0,6.075304808363741,0.1,0.0,0.1
67.5,151.875,265.7930361058729,600.0,8.287788579237533,0.1,0.0,0.1
-60.0,0.0,265.7930361058729,600.0,14.890030110584078,0.1,0.0,0.1
-3.75,-39.375,265.7930361058729,600.0,20.49202542670129,0.1,0.0,0.1
33.75,-95.625,265.7930361058729,600.0,17.22859178408672,0.1,0.0,0.1
67.5,112.5,265.7930361058729,600.0,10.895254534595697,0.1,0.0,0.1
-48.75,-90.0,162.356521283806,600.0,7.60311138576974,0.1,0.0,0.1
-56.25,129.375,162.356521283806,600.0,25.68327198155398,0.1,0.0,0.1
-26.25,73.125,162.356521283806,600.0,26.662314928016414,0.1,0.0,0.1
63.75,-16.875,162.356521283806,600.0,19.430691929753646,0.1,0.0,0.1
-71.25,78.75,162.356521283806,600.0,12.74252937308006,0.1,0.0,0.1
33.75,123.75,162.356521283806,600.0,13.977450088346309,0.1,0.0,0.1
-37.5,5.625,162.356521283806,600.0,16.808556703453256,0.1,0.0,0.1
82.5,84.375,162.356521283806,600.0,14.91755804722452,0.1,0.0,0.1
-56.25,-84.375,162.356521283806,600.0,23.450711396159523,0.1,0.0,0.1
-48.75,168.75,162.356521283806,600.0,16.800493006029942,0.1,0.0,0.1
45.0,-67.5,162.356521283806,600.0,5.615917243433049,0.1,0.0,0.1
33.75,22.5,162.356521283806,600.0,10.18071027756353,0.1,0.0,0.1
41.25,-118.125,162.356521283806,600.0,6.7811388776668515,0.1,0.0,0.1
3.75,-33.75,162.356521283806,600.0,21.149778147967574,0.1,0.0,0.1
-18.75,90.0,162.356521283806,600.0,20.155247424095506,0.1,0.0,0.1
-18.75,16.875,162.356521283806,600.0,21.11553163322997,0.1,0.0,0.1
63.75,-168.75,162.356521283806,600.0,17.961646695525975,0.1,0.0,0.1
22.5,-168.75,162.356521283806,600.0,16.547382667289053,0.1,0.0,0.1
41.25,56.25,162.356521283806,600.0,8.958363753722601,0.1,0.0,0.1
-18.75,-101.25,162.356521283806,600.0,10.871143089839013,0.1,0.0,0.1
33.75,146.25,241.15395297569978,600.0,29.780877210379185,0.1,0.0,0.1
-33.75,-56.25,241.15395297569978,0.008273176848888397,23.406862329318123,0.1,0.0,0.1
-11.25,-11.25,241.15395297569978,0.013893991708755493,15.761315133796415,0.1,0.0,0.1
63.75,-112.5,241.15395297569978,600.0,16.820079735140073,0.1,0.0,0.1
-3.75,78.75,241.15395297569978,600.0,13.9970379135946,0.1,0.0,0.1
-86.25,-78.75,241.15395297569978,0.006379328202456236,13.040054811918193,0.1,0.0,0.1
63.75,33.75,241.15395297569978,600.0,22.159932375307243,0.1,0.0,0.1
56.25,33.75,241.15395297569978,600.0,22.511291165670915,0.1,0.0,0.1
-86.25,-90.0,241.15395297569978,600.0,9.206127988728543,0.1,0.0,0.1
-11.25,112.5,241.15395297569978,0.02068905718624592,10.852294598986365,0.1,0.0,0.1
-18.75,90.0,241.15395297569978,600.0,11.836663038781534,0.1,0.0,0.1
78.75,90.0,241.15395297569978,600.0,9.822764870606004,0.1,0.0,0.1
-33.75,135.0,241.15395297569978,0.008173017762601376,7.5934931696314845,0.1,0.0,0.1
33.75,78.75,241.15395297569978,600.0,15.589106892496371,0.1,0.0,0.1
48.75,0.0,241.15395297569978,600.0,15.76776702327857,0.1,0.0,0.1
26.25,-123.75,241.15395297569978,0.002301405183970928,19.301897465605496,0.1,0.0,0.1
78.75,-135.0,241.15395297569978,0.005804325453937054,18.979640876489114,0.1,0.0,0.1
11.25,-78.75,241.15395297569978,0.015601974911987782,20.333861398672116,0.1,0.0,0.1
-63.75,-33.75,241.15395297569978,600.0,14.282046340254729,0.1,0.0,0.1
18.75,-22.5,241.15395297569978,0.026469487696886063,13.72597077088163,0.1,0.0,0.1
71.25,-95.625,316.57352122708255,600.0,8.228603840381504,0.1,0.0,0.1
90.0,-61.875,316.57352122708255,600.0,11.541417249961516,0.1,0.0,0.1
30.0,-118.125,316.57352122708255,600.0,16.70973659977171,0.1,0.0,0.1
-86.25,-61.875,316.57352122708255,600.0,14.355660699920646,0.1,0.0,0.1
30.0,0.0,316.57352122708255,600.0,19.252513179194196,0.1,0.0,0.1
82.5,90.0,316.57352122708255,600.0,17.891862822728747,0.1,0.0,0.1
-56.25,-129.375,316.57352122708255,600.0,12.32460003319276,0.1,0.0,0.1
-67.5,-50.625,316.57352122708255,600.0,14.940121885623649,0.1,0.0,0.1
-15.0,-28.125,316.57352122708255,600.0,15.066058512363115,0.1,0.0,0.1
-67.5,168.75,316.57352122708255,600.0,5.2081858166705235,0.1,0.0,0.1
-45.0,78.75,316.57352122708255,600.0,6.058867265973047,0.1,0.0,0.1
48.75,-118.125,316.57352122708255,600.0,18.211983387915783,0.1,0.0,0.1
-48.75,-174.375,316.57352122708255,600.0,13.71474872313272,0.1,0.0,0.1
-22.5,-67.5,316.57352122708255,600.0,16.456636505565044,0.1,0.0,0.1
30.0,-5.625,316.57352122708255,600.0,20.368649380257267,0.1,0.0,0.1
26.25,-56.25,316.57352122708255,600.0,17.795810278455107,0.1,0.0,0.1
3.75,-84.375,316.57352122708255,600.0,22.265826928676997,0.1,0.0,0.1
-18.75,-101.25,316.57352122708255,600.0,16.77649591461939,0.1,0.0,0.1
45.0,168.75,316.57352122708255,600.0,20.689617237087944,0.1,0.0,0.1
90.0,61.875,316.57352122708255,600.0,25.187395023817977,0.1,0.0,0.1
-90.0,-22.5,201.77122356529586,600.0,10.397607021389565,0.1,0.0,0.1
3.75,22.5,201.77122356529586,600.0,14.57889050853355,0.1,0.0,0.1
41.25,-67.5,201.77122356529586,600.0,14.712853621618303,0.1,0.0,0.1
75.0,-129.375,201.77122356529586,600.0,4.801328392404038,0.1,0.0,0.1
-75.0,-50.625,201.77122356529586,600.0,21.06472212097686,0.1,0.0,0.1
-3.75,0.0,201.77122356529586,600.0,9.791725351971161,0.1,0.0,0.1
-78.75,-112.5,201.77122356529586,600.0,23.37362753262751,0.1,0.0,0.1
11.25,112.5,201.77122356529586,600.0,10.61689763428894,0.1,0.0,0.1
15.0,78.75,201.77122356529586,600.0,14.13534446795647,0.1,0.0,0.1
-78.75,-78.75,201.77122356529586,600.0,2.7289120872243267,0.1,0.0,0.1
-67.5,151.875,201.77122356529586,600.0,17.50059058747181,0.1,0.0,0.1
-78.75,-73.125,201.77122356529586,600.0,17.732495061849583,0.1,0.0,0.1
-90.0,-168.75,201.77122356529586,600.0,12.168874224340328,0.1,0.0,0.1
-71.25,56.25,201.77122356529586,600.0,23.85728625104236,0.1,0.0,0.1
48.75,157.5,201.77122356529586,600.0,19.35588920062613,0.1,0.0,0.1
-56.25,-39.375,201.77122356529586,600.0,15.815557669044024,0.1,0.0,0.1
78.75,73.125,201.77122356529586,600.0,17.96137104086208,0.1,0.0,0.1
-90.0,22.5,201.77122356529586,600.0,15.946573601959562,0.1,0.0,0.1
-15.0,-118.125,201.77122356529586,600.0,20.2766282507921,0.1,0.0,0.1
-90.0,-140.625,201.77122356529586,600.0,17.228823393898182,0.1,0.0,0.1
41.25,-180.0,111.03244333490728,0.0033210176043212414,13.380088770376855,0.1,0.0,0.1
48.75,33.75,111.03244333490728,0.004778305999934673,11.288908911239979,0.1,0.0,0.1
26.25,-123.75,111.03244333490728,0.005347003228962421,8.061270083820187,0.1,0.0,0.1
-71.25,45.0,111.03244333490728,600.0,11.323868150069426,0.1,0.0,0.1
56.25,22.5,111.03244333490728,600.0,8.42212893640054,0.1,0.0,0.1
86.25,-33.75,111.03244333490728,600.0,9.495827227613745,0.1,0.0,0.1
-11.25,146.25,111.03244333490728,0.011667911894619465,1.651236486960613,0.1,0.0,0.1
41.25,-22.5,111.03244333490728,0.00032849828130565584,26.583269052277796,0.1,0.0,0.1
-63.75,-180.0,111.03244333490728,600.0,13.97690077423985,0.1,0.0,0.1
-71.25,0.0,111.03244333490728,0.020034516230225563,15.225690084227796,0.1,0.0,0.1
48.75,-146.25,111.03244333490728,0.0006744131678715348,17.051876770325528,0.1,0.0,0.1
26.25,135.0,111.03244333490728,0.0006210441351868212,22.505967007603942,0.1,0.0,0.1
-26.25,-101.25,111.03244333490728,0.0019619357772171497,14.112798791053262,0.1,0.0,0.1
-3.75,-135.0,111.03244333490728,0.004029933828860521,17.98711564615687,0.1,0.0,0.1
11.25,-123.75,111.03244333490728,0.012242930941283703,6.960112074185492,0.1,0.0,0.1
48.75,-168.75,111.03244333490728,600.0,21.499559698136416,0.1,0.0,0.1
-63.75,123.75,111.03244333490728,0.0026793857105076313,16.145583408213653,0.1,0.0,0.1
-78.75,-112.5,111.03244333490728,600.0,0.5236540457323198,0.1,0.0,0.1
-18.75,-78.75,111.03244333490728,600.0,15.12455916953506,0.1,0.0,0.1
33.75,-135.0,111.03244333490728,600.0,12.421506357167802,0.1,0.0,0.1
63.75,-146.25,157.80836209939056,600.0,18.42787920820815,0.1,0.0,0.1
56.25,22.5,157.80836209939056,600.0,9.113590651196857,0.1,0.0,0.1
-71.25,56.25,157.80836209939056,600.0,17.937703736322252,0.1,0.0,0.1
56.25,67.5,157.80836209939056,600.0,17.040859609867482,0.1,0.0,0.1
75.0,123.75,157.80836209939056,600.0,6.858631153066279,0.1,0.0,0.1
-90.0,-151.875,157.80836209939056,600.0,12.319609114306555,0.1,0.0,0.1
86.25,11.25,157.80836209939056,600.0,18.02816940653178,0.1,0.0,0.1
-30.0,-11.25,157.80836209939056,600.0,10.653800652573118,0.1,0.0,0.1
-11.25,-5.625,157.80836209939056,600.0,16.572577839696976,0.1,0.0,0.1
-67.5,-151.875,157.80836209939056,600.0,18.852971315515873,0.1,0.0,0.1
67.5,-45.0,157.80836209939056,600.0,16.155413079486937,0.1,0.0,0.1
41.25,-39.375,157.80836209939056,600.0,23.468699257173682,0.1,0.0,0.1
45.0,67.5,157.80836209939056,600.0,11.271107677717653,0.1,0.0,0.1
-37.5,28.125,157.80836209939056,600.0,17.202466644108338,0.1,0.0,0.1
7.5,-146.25,157.80836209939056,600.0,16.946128602367317,0.1,0.0,0.1
3.75,56.25,157.80836209939056,600.0,7.236037534776961,0.1,0.0,0.1
67.5,33.75,157.80836209939056,600.0,13.790611583504084,0.1,0.0,0.1
18.75,-129.375,157.80836209939056,600.0,12.617736998495378,0.1,0.0,0.1
63.75,-22.5,157.80836209939056,600.0,6.024383463579639,0.1,0.0,0.1
45.0,-73.125,157.80836209939056,600.0,23.728653767706582,0.1,0.0,0.1
52.5,28.125,290.6304366361861,620.1429443359375,12.101845596759631,0.1,0.0,0.1
-90.0,-129.375,290.6304366361861,531.75537109375,25.45417725451601,0.1,0.0,0.1
-71.25,-5.625,290.6304366361861,937.8461303710938,15.335491186663889,0.1,0.0,0.1
86.25,-129.375,290.6304366361861,870.2152099609375,11.542138211823707,0.1,0.0,0.1
15.0,-135.0,290.6304366361861,648.7339477539062,21.379903267344936,0.1,0.0,0.1
71.25,174.375,290.6304366361861,510.3939208984375,18.181540140951448,0.1,0.0,0.1
48.75,73.125,290.6304366361861,458.18218994140625,9.766957254548377,0.1,0.0,0.1
-45.0,112.5,290.6304366361861,547.607177734375,17.33836156184193,0.1,0.0,0.1
63.75,-67.5,290.6304366361861,753.0100708007812,7.770806497618807,0.1,0.0,0.1
82.5,-39.375,290.6304366361861,504.8148193359375,15.444092140978261,0.1,0.0,0.1
-11.25,11.25,290.6304366361861,798.7600708007812,20.785344384954136,0.1,0.0,0.1
67.5,140.625,290.6304366361861,750.2620849609375,4.11867683877025,0.1,0.0,0.1
-71.25,61.875,290.6304366361861,422.2928161621094,11.442793709197996,0.1,0.0,0.1
-86.25,73.125,290.6304366361861,522.6196899414062,13.242323478734216,0.1,0.0,0.1
-33.75,-146.25,290.6304366361861,347.27618408203125,10.448467523313592,0.1,0.0,0.1
78.75,50.625,290.6304366361861,633.9376831054688,12.308638650935684,0.1,0.0,0.1
-11.25,106.875,290.6304366361861,459.1242370605469,22.022407770529252,0.1,0.0,0.1
56.25,-78.75,290.6304366361861,530.9832763671875,17.489317233463552,0.1,0.0,0.1
18.75,0.0,290.6304366361861,755.0187377929688,19.717218303645033,0.1,0.0,0.1
-90.0,-28.125,290.6304366361861,934.1886596679688,11.417209941042982,0.1,0.0,0.1
48.75,-180.0,148.49528290232143,600.0,20.89226142190413,0.1,0.0,0.1
-90.0,-33.75,148.49528290232143,600.0,16.648458740538878,0.1,0.0,0.1
37.5,151.875,148.49528290232143,600.0,10.448960935488383,0.1,0.0,0.1
30.0,50.625,148.49528290232143,600.0,16.90667880258924,0.1,0.0,0.1
-33.75,90.0,148.49528290232143,600.0,12.693200970190153,0.1,0.0,0.1
-30.0,0.0,148.49528290232143,600.0,10.62170181019741,0.1,0.0,0.1
-78.75,22.5,148.49528290232143,600.0,11.922465979851287,0.1,0.0,0.1
-75.0,90.0,148.49528290232143,600.0,19.557015603547043,0.1,0.0,0.1
-18.75,135.0,148.49528290232143,600.0,11.91762938441919,0.1,0.0,0.1
0.0,-146.25,148.49528290232143,600.0,16.737286146065177,0.1,0.0,0.1
-86.25,135.0,148.49528290232143,600.0,21.69519034462968,0.1,0.0,0.1
78.75,61.875,148.49528290232143,600.0,10.721271492215497,0.1,0.0,0.1
-90.0,-16.875,148.49528290232143,600.0,18.89413187255932,0.1,0.0,0.1
3.75,123.75,148.49528290232143,600.0,10.704733411976605,0.1,0.0,0.1
7.5,-106.875,148.49528290232143,600.0,16.95235719149991,0.1,0.0,0.1
-33.75,-84.375,148.49528290232143,600.0,17.134147879871396,0.1,0.0,0.1
71.25,-106.875,148.49528290232143,600.0,17.418000337791934,0.1,0.0,0.1
7.5,-95.625,148.49528290232143,600.0,17.99963331566883,0.1,0.0,0.1
22.5,106.875,148.49528290232143,600.0,8.775605511316531,0.1,0.0,0.1
18.75,163.125,148.49528290232143,600.0,6.621738524742547,0.1,0.0,0.1
45.0,-123.75,13.106035912336074,697.8685302734375,21.01691024761707,0.1,0.0,0.1
-30.0,-151.875,13.106035912336074,753.0803833007812,21.249659194798628,0.1,0.0,0.1
15.0,22.5,13.106035912336074,760.1912231445312,17.783851819492117,0.1,0.0,0.1
82.5,-140.625,13.106035912336074,497.1486511230469,4.463898898554977,0.1,0.0,0.1
26.25,90.0,13.106035912336074,622.8785400390625,9.498599076880637,0.1,0.0,0.1
-15.0,-61.875,13.106035912336074,662.2664794921875,13.637129951033149,0.1,0.0,0.1
-41.25,67.5,13.106035912336074,734.6861572265625,13.537739574564778,0.1,0.0,0.1
-37.5,50.625,13.106035912336074,750.4721069335938,7.731878472333678,0.1,0.0,0.1
-60.0,163.125,13.106035912336074,567.2274780273438,13.541167180579802,0.1,0.0,0.1
-37.5,50.625,13.106035912336074,445.810546875,13.427333435520541,0.1,0.0,0.1
11.25,61.875,13.106035912336074,456.7127685546875,13.31510166452474,0.1,0.0,0.1
-78.75,45.0,13.106035912336074,465.71185302734375,11.267203245921266,0.1,0.0,0.1
-22.5,-73.125,13.106035912336074,416.7497863769531,16.350974323818523,0.1,0.0,0.1
56.25,73.125,13.106035912336074,351.48370361328125,16.568289843140523,0.1,0.0,0.1
0.0,146.25,13.106035912336074,682.0545654296875,25.325946775345255,0.1,0.0,0.1
11.25,-112.5,13.106035912336074,655.5804443359375,19.146331169336783,0.1,0.0,0.1
56.25,-140.625,13.106035912336074,721.2864379882812,16.922071245952132,0.1,0.0,0.1
52.5,28.125,13.106035912336074,784.4065551757812,10.10050232930455,0.1,0.0,0.1
-67.5,-50.625,13.106035912336074,636.0418090820312,14.999196886437138,0.1,0.0,0.1
-60.0,56.25,13.106035912336074,731.9182739257812,21.392210419376504,0.1,0.0,0.1
-48.75,-112.5,152.1250378918865,600.0,9.828457725762537,0.1,0.0,0.1
-60.0,-140.625,152.1250378918865,600.0,12.300010269477738,0.1,0.0,0.1
37.5,67.5,152.1250378918865,600.0,13.208588614934872,0.1,0.0,0.1
-45.0,11.25,152.1250378918865,600.0,14.686753516670437,0.1,0.0,0.1
3.75,-163.125,152.1250378918865,600.0,8.171042776689681,0.1,0.0,0.1
26.25,61.875,152.1250378918865,600.0,10.476254137452152,0.1,0.0,0.1
30.0,-16.875,152.1250378918865,600.0,10.584370653527214,0.1,0.0,0.1
90.0,90.0,152.1250378918865,600.0,11.733179056634341,0.1,0.0,0.1
33.75,-140.625,152.1250378918865,600.0,21.138573818866867,0.1,0.0,0.1
-71.25,-61.875,152.1250378918865,600.0,21.690215844825325,0.1,0.0,0.1
78.75,67.5,152.1250378918865,600.0,21.35183450881788,0.1,0.0,0.1
-86.25,0.0,152.1250378918865,600.0,8.690329571392205,0.1,0.0,0.1
82.5,-67.5,152.1250378918865,600.0,13.79920820841853,0.1,0.0,0.1
-33.75,-180.0,152.1250378918865,600.0,8.869670310099366,0.1,0.0,0.1
26.25,-174.375,152.1250378918865,600.0,13.466709208578372,0.1,0.0,0.1
-60.0,33.75,152.1250378918865,600.0,22.872129018848316,0.1,0.0,0.1
-15.0,-151.875,152.1250378918865,600.0,19.68207342020199,0.1,0.0,0.1
-63.75,-67.5,152.1250378918865,600.0,8.005178995769919,0.1,0.0,0.1
78.75,112.5,152.1250378918865,600.0,17.81227088446395,0.1,0.0,0.1
30.0,78.75,152.1250378918865,600.0,17.58164050483281,0.1,0.0,0.1
0.0,168.75,242.22821121944753,600.0,20.12541000895404,0.1,0.0,0.1
63.75,-73.125,242.22821121944753,600.0,16.8648953524141,0.1,0.0,0.1
78.75,78.75,242.22821121944753,600.0,11.794295295339909,0.1,0.0,0.1
-26.25,-73.125,242.22821121944753,600.0,8.887927994903706,0.1,0.0,0.1
-78.75,118.125,242.22821121944753,600.0,23.231754212192897,0.1,0.0,0.1
82.5,-106.875,242.22821121944753,600.0,14.750543582325584,0.1,0.0,0.1
86.25,151.875,242.22821121944753,600.0,17.388255110545394,0.1,0.0,0.1
90.0,-151.875,242.22821121944753,600.0,15.625569277647482,0.1,0.0,0.1
-11.25,-168.75,242.22821121944753,600.0,15.464691345822285,0.1,0.0,0.1
-86.25,28.125,242.22821121944753,600.0,28.345623968712488,0.1,0.0,0.1
-45.0,174.375,242.22821121944753,600.0,10.524516562978233,0.1,0.0,0.1
-60.0,-50.625,242.22821121944753,600.0,15.37613186262081,0.1,0.0,0.1
-41.25,106.875,242.22821121944753,600.0,16.175094314222537,0.1,0.0,0.1
-82.5,73.125,242.22821121944753,600.0,22.957854279133862,0.1,0.0,0.1
18.75,73.125,242.22821121944753,600.0,8.892115962248857,0.1,0.0,0.1
-37.5,28.125,242.22821121944753,600.0,15.833649796233168,0.1,0.0,0.1
-33.75,-168.75,242.22821121944753,600.0,17.149539161154124,0.1,0.0,0.1
3.75,95.625,242.22821121944753,600.0,11.280694973978385,0.1,0.0,0.1
-26.25,140.625,242.22821121944753,600.0,15.236412552797994,0.1,0.0,0.1
78.75,33.75,242.22821121944753,600.0,8.580499048461352,0.1,0.0,0.1
-7.5,-90.0,142.3390814123785,299.51739501953125,18.70394886962441,0.1,0.0,0.1
60.0,-67.5,142.3390814123785,514.9051513671875,10.329064844406922,0.1,0.0,0.1
-41.25,-146.25,142.3390814123785,512.5592041015625,22.46452679391654,0.1,0.0,0.1
45.0,-163.125,142.3390814123785,990.6234130859375,15.598288439745371,0.1,0.0,0.1
-45.0,-90.0,142.3390814123785,854.112548828125,17.047587664131942,0.1,0.0,0.1
0.0,-50.625,142.3390814123785,650.0308227539062,15.998587182799106,0.1,0.0,0.1
45.0,-22.5,142.3390814123785,498.32672119140625,15.502896243964301,0.1,0.0,0.1
11.25,-106.875,142.3390814123785,533.1409301757812,19.403971417567842,0.1,0.0,0.1
45.0,-101.25,142.3390814123785,704.5006713867188,16.99631738456707,0.1,0.0,0.1
48.75,-135.0,142.3390814123785,702.6434936523438,14.745398086783862,0.1,0.0,0.1
22.5,-78.75,142.3390814123785,776.7924194335938,14.99364755281753,0.1,0.0,0.1
-48.75,129.375,142.3390814123785,526.2213134765625,22.93633010346651,0.1,0.0,0.1
48.75,101.25,142.3390814123785,1000.952392578125,11.702132856360697,0.1,0.0,0.1
67.5,174.375,142.3390814123785,861.4779663085938,14.230824827082047,0.1,0.0,0.1
-56.25,95.625,142.3390814123785,880.0341796875,16.810198247688252,0.1,0.0,0.1
86.25,0.0,142.3390814123785,632.2272338867188,23.442600412618976,0.1,0.0,0.1
75.0,22.5,142.3390814123785,850.9550170898438,16.448726558573664,0.1,0.0,0.1
-41.25,-123.75,142.3390814123785,920.5272216796875,21.491537754459564,0.1,0.0,0.1
-78.75,-61.875,142.3390814123785,844.2635498046875,15.3272190004596,0.1,0.0,0.1
11.25,-157.5,142.3390814123785,582.5593872070312,7.958196244192428,0.1,0.0,0.1
71.25,-135.0,183.34597484736787,600.0,16.123082763742865,0.1,0.0,0.1
63.75,11.25,183.34597484736787,600.0,19.24892653902099,0.1,0.0,0.1
11.25,-90.0,183.34597484736787,0.0034810672514140606,21.87336198678448,0.1,0.0,0.1
-63.75,157.5,183.34597484736787,600.0,13.91014452385862,0.1,0.0,0.1
48.75,-135.0,183.34597484736787,600.0,14.915212314949176,0.1,0.0,0.1
86.25,168.75,183.34597484736787,600.0,15.552158026412718,0.1,0.0,0.1
63.75,-45.0,183.34597484736787,0.01107865758240223,24.619903787019123,0.1,0.0,0.1
-48.75,123.75,183.34597484736787,600.0,13.570446906255048,0.1,0.0,0.1
41.25,135.0,183.34597484736787,0.013388928957283497,17.84552825893408,0.1,0.0,0.1
71.25,-56.25,183.34597484736787,0.012136666104197502,6.269577614846327,0.1,0.0,0.1
63.75,135.0,183.34597484736787,600.0,12.074374291134609,0.1,0.0,0.1
56.25,22.5,183.34597484736787,600.0,16.413079662973107,0.1,0.0,0.1
26.25,-33.75,183.34597484736787,600.0,21.371091076010245,0.1,0.0,0.1
18.75,33.75,183.34597484736787,600.0,16.890010538958094,0.1,0.0,0.1
56.25,-67.5,183.34597484736787,600.0,14.727711616214767,0.1,0.0,0.1
-33.75,-180.0,183.34597484736787,600.0,10.20767227425233,0.1,0.0,0.1
-63.75,-112.5,183.34597484736787,600.0,23.092403017219755,0.1,0.0,0.1
-86.25,-78.75,183.34597484736787,0.001848753890953958,10.839388928130361,0.1,0.0,0.1
-3.75,56.25,183.34597484736787,600.0,15.544795444972612,0.1,0.0,0.1
71.25,-33.75,183.34597484736787,600.0,14.58040582472527,0.1,0.0,0.1
-11.25,78.75,198.40533147025872,600.0,4.069648302922452,0.1,0.0,0.1
33.75,-73.125,198.40533147025872,600.0,18.40131820053778,0.1,0.0,0.1
-37.5,157.5,198.40533147025872,600.0,6.843296231047415,0.1,0.0,0.1
78.75,28.125,198.40533147025872,600.0,18.017199654083853,0.1,0.0,0.1
-45.0,90.0,198.40533147025872,600.0,9.641703863974316,0.1,0.0,0.1
33.75,90.0,198.40533147025872,600.0,24.564739229528175,0.1,0.0,0.1
-30.0,129.375,198.40533147025872,600.0,17.904519852011337,0.1,0.0,0.1
-90.0,90.0,198.40533147025872,600.0,15.558442145621695,0.1,0.0,0.1
67.5,-157.5,198.40533147025872,600.0,14.4250047213902,0.1,0.0,0.1
-63.75,-61.875,198.40533147025872,600.0,14.597966643301948,0.1,0.0,0.1
78.75,135.0,198.40533147025872,600.0,9.589905130665425,0.1,0.0,0.1
-48.75,-39.375,198.40533147025872,600.0,12.803333050070444,0.1,0.0,0.1
30.0,-95.625,198.40533147025872,600.0,18.611022273330732,0.1,0.0,0.1
-86.25,-5.625,198.40533147025872,600.0,16.896021546027743,0.1,0.0,0.1
7.5,39.375,198.40533147025872,600.0,4.55680137709596,0.1,0.0,0.1
22.5,-73.125,198.40533147025872,600.0,24.17189281505952,0.1,0.0,0.1
86.25,146.25,198.40533147025872,600.0,14.870692556166585,0.1,0.0,0.1
90.0,16.875,198.40533147025872,600.0,21.126179790450426,0.1,0.0,0.1
56.25,5.625,198.40533147025872,600.0,15.023466068295136,0.1,0.0,0.1
86.25,112.5,198.40533147025872,600.0,11.255982727863904,0.1,0.0,0.1
0.0,73.125,9.403306778658568,553.6087036132812,18.9077106760908,0.1,0.0,0.1
56.25,50.625,9.403306778658568,908.8240966796875,13.819119432915247,0.1,0.0,0.1
18.75,129.375,9.403306778658568,827.1430053710938,15.545564547689754,0.1,0.0,0.1
-86.25,-135.0,9.403306778658568,548.6132202148438,21.701327561080532,0.1,0.0,0.1
0.0,5.625,9.403306778658568,561.4681396484375,22.96424908494164,0.1,0.0,0.1
18.75,106.875,9.403306778658568,783.6778564453125,18.06400723581288,0.1,0.0,0.1
45.0,-101.25,9.403306778658568,719.9382934570312,10.879636605111465,0.1,0.0,0.1
26.25,118.125,9.403306778658568,942.8048706054688,22.02346167496927,0.1,0.0,0.1
30.0,-67.5,9.403306778658568,890.0763549804688,9.124141592690705,0.1,0.0,0.1
82.5,-163.125,9.403306778658568,441.4698486328125,7.5638439768072905,0.1,0.0,0.1
-37.5,-73.125,9.403306778658568,610.7708129882812,15.43783208346753,0.1,0.0,0.1
-63.75,-39.375,9.403306778658568,790.1983032226562,11.7138021246523,0.1,0.0,0.1
-22.5,112.5,9.403306778658568,721.7379150390625,20.279846837493796,0.1,0.0,0.1
-26.25,39.375,9.403306778658568,685.1067504882812,14.815510228025516,0.1,0.0,0.1
67.5,-112.5,9.403306778658568,848.0072021484375,12.782472992749618,0.1,0.0,0.1
82.5,-28.125,9.403306778658568,565.6018676757812,19.610660438722057,0.1,0.0,0.1
-41.25,-180.0,9.403306778658568,575.1444091796875,20.218758360240788,0.1,0.0,0.1
-37.5,95.625,9.403306778658568,500.0218505859375,21.23692393574369,0.1,0.0,0.1
3.75,163.125,9.403306778658568,765.8394775390625,11.876182047078856,0.1,0.0,0.1
45.0,-11.25,9.403306778658568,532.6365966796875,20.067352762926944,0.1,0.0,0.1
-71.25,67.5,243.66603179352967,600.0,6.184500077550863,0.1,0.0,0.1
-18.75,146.25,243.66603179352967,0.016070527955889702,12.587668460062076,0.1,0.0,0.1
-48.75,135.0,243.66603179352967,600.0,14.760919460587335,0.1,0.0,0.1
26.25,0.0,243.66603179352967,600.0,19.50127222924833,0.1,0.0,0.1
-48.75,0.0,243.66603179352967,0.032514166086912155,15.88551160314401,0.1,0.0,0.1
-56.25,-45.0,243.66603179352967,0.0046018450520932674,9.508452879102663,0.1,0.0,0.1
26.25,-56.25,243.66603179352967,600.0,20.12019983765215,0.1,0.0,0.1
-48.75,-146.25,243.66603179352967,0.013011840172111988,14.906100056573845,0.1,0.0,0.1
-41.25,-146.25,243.66603179352967,600.0,9.226212766444098,0.1,0.0,0.1
48.75,67.5,243.66603179352967,0.015298536978662014,25.6257991315199,0.1,0.0,0.1
-56.25,123.75,243.66603179352967,0.0017059975070878863,17.3108105496926,0.1,0.0,0.1
-11.25,67.5,243.66603179352967,0.008157518692314625,7.059908792896813,0.1,0.0,0.1
41.25,45.0,243.66603179352967,0.010798708535730839,11.864266784365928,0.1,0.0,0.1
18.75,-157.5,243.66603179352967,0.0042355721816420555,15.849459685470478,0.1,0.0,0.1
18.75,-112.5,243.66603179352967,0.006741935852915049,17.401114513323144,0.1,0.0,0.1
63.75,-11.25,243.66603179352967,0.0023499769158661366,10.847429860535897,0.1,0.0,0.1
71.25,-67.5,243.66603179352967,600.0,19.370117130145104,0.1,0.0,0.1
-56.25,11.25,243.66603179352967,0.016070403158664703,16.654646963279966,0.1,0.0,0.1
-56.25,33.75,243.66603179352967,600.0,15.039236998888844,0.1,0.0,0.1
-3.75,22.5,243.66603179352967,0.005448706913739443,17.319332255032197,0.1,0.0,0.1
-26.25,-163.125,307.31399627507443,836.2047729492188,1.935829992099178,0.1,0.0,0.1
-67.5,101.25,307.31399627507443,498.9853210449219,23.010037888201833,0.1,0.0,0.1
48.75,-11.25,307.31399627507443,542.701416015625,17.262569203901432,0.1,0.0,0.1
37.5,-45.0,307.31399627507443,454.2614440917969,20.499122858004938,0.1,0.0,0.1
-26.25,5.625,307.31399627507443,382.7347717285156,4.981604203142712,0.1,0.0,0.1
-75.0,151.875,307.31399627507443,459.4677429199219,18.48877224593118,0.1,0.0,0.1
63.75,-33.75,307.31399627507443,819.5775756835938,24.31041259627022,0.1,0.0,0.1
-30.0,84.375,307.31399627507443,848.3303833007812,15.105656667293712,0.1,0.0,0.1
33.75,-50.625,307.31399627507443,699.9990844726562,32.99293835556111,0.1,0.0,0.1
22.5,-129.375,307.31399627507443,518.6587524414062,24.373653733587886,0.1,0.0,0.1
-33.75,-112.5,307.31399627507443,680.5388793945312,25.274168921682364,0.1,0.0,0.1
15.0,157.5,307.31399627507443,534.6793212890625,9.261458352339616,0.1,0.0,0.1
7.5,28.125,307.31399627507443,720.4466552734375,11.375036131436412,0.1,0.0,0.1
-75.0,174.375,307.31399627507443,804.0507202148438,18.88175892490647,0.1,0.0,0.1
41.25,-45.0,307.31399627507443,784.5864868164062,17.774124032252804,0.1,0.0,0.1
-33.75,118.125,307.31399627507443,489.6316833496094,24.18994253831263,0.1,0.0,0.1
22.5,-106.875,307.31399627507443,832.1095581054688,26.38014362505143,0.1,0.0,0.1
-56.25,-90.0,307.31399627507443,750.1797485351562,11.351156247256617,0.1,0.0,0.1
82.5,-151.875,307.31399627507443,620.9488525390625,14.94757709900228,0.1,0.0,0.1
-33.75,106.875,307.31399627507443,743.2733764648438,16.71354481766691,0.1,0.0,0.1
-60.0,33.75,277.0168569997078,600.0,8.120027872056621,0.1,0.0,0.1
-82.5,-22.5,277.0168569997078,600.0,18.871246791422823,0.1,0.0,0.1
45.0,146.25,277.0168569997078,600.0,20.763497450860083,0.1,0.0,0.1
-67.5,-56.25,277.0168569997078,600.0,19.317642551352726,0.1,0.0,0.1
-52.5,-5.625,277.0168569997078,600.0,11.429762027066827,0.1,0.0,0.1
-3.75,78.75,277.0168569997078,600.0,16.86166316323492,0.1,0.0,0.1
78.75,-39.375,277.0168569997078,600.0,22.804816523994184,0.1,0.0,0.1
-48.75,45.0,277.0168569997078,600.0,8.472087150262926,0.1,0.0,0.1
15.0,135.0,277.0168569997078,600.0,16.04223107460547,0.1,0.0,0.1
7.5,-61.875,277.0168569997078,600.0,5.500678007681971,0.1,0.0,0.1
48.75,45.0,277.0168569997078,600.0,12.448608753393293,0.1,0.0,0.1
48.75,61.875,277.0168569997078,600.0,17.762838703776485,0.1,0.0,0.1
22.5,174.375,277.0168569997078,600.0,13.624749467862602,0.1,0.0,0.1
-60.0,-22.5,277.0168569997078,600.0,11.837450283414377,0.1,0.0,0.1
-33.75,174.375,277.0168569997078,600.0,16.86783652053061,0.1,0.0,0.1
-15.0,90.0,277.0168569997078,600.0,10.63424362580877,0.1,0.0,0.1
78.75,-118.125,277.0168569997078,600.0,27.166293588287648,0.1,0.0,0.1
-45.0,-151.875,277.0168569997078,600.0,17.17269663618877,0.1,0.0,0.1
86.25,90.0,277.0168569997078,600.0,11.686748692010614,0.1,0.0,0.1
52.5,-33.75,277.0168569997078,600.0,18.567742137128384,0.1,0.0,0.1
-56.25,-174.375,320.4587007549892,600.0,14.439665375168826,0.1,0.0,0.1
-33.75,174.375,320.4587007549892,600.0,18.4293379403431,0.1,0.0,0.1
7.5,129.375,320.4587007549892,600.0,8.855735670313184,0.1,0.0,0.1
-48.75,-73.125,320.4587007549892,600.0,16.750068004496843,0.1,0.0,0.1
7.5,0.0,320.4587007549892,600.0,15.680570510474016,0.1,0.0,0.1
-30.0,146.25,320.4587007549892,600.0,19.444876954522194,0.1,0.0,0.1
18.75,95.625,320.4587007549892,600.0,14.815765927129537,0.1,0.0,0.1
90.0,-67.5,320.4587007549892,600.0,14.515386574572902,0.1,0.0,0.1
-60.0,-28.125,320.4587007549892,600.0,14.370289199434504,0.1,0.0,0.1
90.0,129.375,320.4587007549892,600.0,14.105462863308821,0.1,0.0,0.1
41.25,50.625,320.4587007549892,600.0,9.989552435378082,0.1,0.0,0.1
-56.25,39.375,320.4587007549892,600.0,17.665265720074817,0.1,0.0,0.1
26.25,-106.875,320.4587007549892,600.0,4.392585878885225,0.1,0.0,0.1
-26.25,-22.5,320.4587007549892,600.0,13.93520070387089,0.1,0.0,0.1
-52.5,-180.0,320.4587007549892,600.0,24.786290910681053,0.1,0.0,0.1
15.0,95.625,320.4587007549892,600.0,0.44639719580765025,0.1,0.0,0.1
-71.25,112.5,320.4587007549892,600.0,11.634711036076144,0.1,0.0,0.1
18.75,129.375,320.4587007549892,600.0,14.550007135977774,0.1,0.0,0.1
-33.75,-151.875,320.4587007549892,600.0,7.27092830722879,0.1,0.0,0.1
22.5,-168.75,320.4587007549892,600.0,22.96949363943263,0.1,0.0,0.1
-33.75,157.5,159.1572446430102,8.956732926890254e-05,15.608565704312953,0.1,0.0,0.1
-41.25,-157.5,159.1572446430102,0.004503108561038971,10.593158556003305,0.1,0.0,0.1
26.25,-168.75,159.1572446430102,0.009457680396735668,22.324763527498977,0.1,0.0,0.1
86.25,157.5,159.1572446430102,600.0,17.85616926811503,0.1,0.0,0.1
18.75,11.25,159.1572446430102,0.024490319192409515,14.433821418976747,0.1,0.0,0.1
-86.25,56.25,159.1572446430102,600.0,16.277459608603,0.1,0.0,0.1
-18.75,-67.5,159.1572446430102,0.0016896362649276853,15.80737585140967,0.1,0.0,0.1
-41.25,157.5,159.1572446430102,0.029389960691332817,24.018387621263457,0.1,0.0,0.1
71.25,-22.5,159.1572446430102,600.0,12.555815137640797,0.1,0.0,0.1
-11.25,56.25,159.1572446430102,600.0,16.180006562184115,0.1,0.0,0.1
-11.25,112.5,159.1572446430102,600.0,12.58067071235773,0.1,0.0,0.1
-48.75,146.25,159.1572446430102,0.0007368319202214479,14.280598599300665,0.1,0.0,0.1
78.75,90.0,159.1572446430102,0.014831878244876862,13.81270344016189,0.1,0.0,0.1
71.25,123.75,159.1572446430102,0.002800197107717395,16.87122010822549,0.1,0.0,0.1
3.75,-123.75,159.1572446430102,0.00566300842911005,19.13496756761286,0.1,0.0,0.1
41.25,-56.25,159.1572446430102,0.0017447291174903512,21.117208384327153,0.1,0.0,0.1
86.25,101.25,159.1572446430102,600.0,15.258813433067786,0.1,0.0,0.1
78.75,157.5,159.1572446430102,600.0,17.698579776906726,0.1,0.0,0.1
78.75,45.0,159.1572446430102,600.0,16.601813351582475,0.1,0.0,0.1
48.75,67.5,159.1572446430102,600.0,20.691817627060598,0.1,0.0,0.1
71.25,135.0,140.98575130025816,600.0,13.982295412747616,0.1,0.0,0.1
-63.75,-135.0,140.98575130025816,0.005641368683427572,17.49340551096052,0.1,0.0,0.1
11.25,-112.5,140.98575130025816,600.0,21.573026878230095,0.1,0.0,0.1
86.25,-123.75,140.98575130025816,0.002161619020625949,19.032130616294392,0.1,0.0,0.1
-18.75,-56.25,140.98575130025816,600.0,18.213390126907147,0.1,0.0,0.1
-26.25,112.5,140.98575130025816,0.0029403362423181534,9.231062560880176,0.1,0.0,0.1
78.75,-168.75,140.98575130025816,0.007195487152785063,12.646723740193547,0.1,0.0,0.1
-41.25,-146.25,140.98575130025816,600.0,20.59526685745978,0.1,0.0,0.1
-56.25,11.25,140.98575130025816,0.006154968868941069,11.210216742986688,0.1,0.0,0.1
86.25,22.5,140.98575130025816,600.0,20.331314619713375,0.1,0.0,0.1
56.25,45.0,140.98575130025816,600.0,11.586915650163936,0.1,0.0,0.1
71.25,146.25,140.98575130025816,0.013346281833946705,13.281979318504305,0.1,0.0,0.1
-63.75,146.25,140.98575130025816,600.0,18.158174524487386,0.1,0.0,0.1
-71.25,-45.0,140.98575130025816,600.0,12.497524617785137,0.1,0.0,0.1
63.75,-45.0,140.98575130025816,600.0,13.738215585854713,0.1,0.0,0.1
-48.75,33.75,140.98575130025816,600.0,13.287217150766466,0.1,0.0,0.1
71.25,-112.5,140.98575130025816,600.0,11.821695215252722,0.1,0.0,0.1
33.75,-146.25,140.98575130025816,600.0,15.028948612631666,0.1,0.0,0.1
78.75,168.75,140.98575130025816,600.0,11.800876951149958,0.1,0.0,0.1
48.75,-135.0,140.98575130025816,600.0,9.735217293336301,0.1,0.0,0.1
0.0,157.5,56.581336113683136,600.0,15.608803661422318,0.1,0.0,0.1
30.0,118.125,56.581336113683136,600.0,22.41366208892816,0.1,0.0,0.1
-37.5,-84.375,56.581336113683136,600.0,12.168565336769735,0.1,0.0,0.1
41.25,84.375,56.581336113683136,600.0,13.344583417952153,0.1,0.0,0.1
-37.5,33.75,56.581336113683136,600.0,18.18713622186039,0.1,0.0,0.1
86.25,61.875,56.581336113683136,600.0,12.468706635848557,0.1,0.0,0.1
67.5,39.375,56.581336113683136,600.0,20.366043745783777,0.1,0.0,0.1
71.25,-90.0,56.581336113683136,600.0,25.119297326633077,0.1,0.0,0.1
86.25,28.125,56.581336113683136,600.0,13.610639856474048,0.1,0.0,0.1
78.75,39.375,56.581336113683136,600.0,19.16172786109141,0.1,0.0,0.1
56.25,90.0,56.581336113683136,600.0,21.270756217020356,0.1,0.0,0.1
-52.5,157.5,56.581336113683136,600.0,16.782849766634968,0.1,0.0,0.1
71.25,-56.25,56.581336113683136,600.0,4.101388455877128,0.1,0.0,0.1
41.25,123.75,56.581336113683136,600.0,16.17507827467488,0.1,0.0,0.1
-52.5,-39.375,56.581336113683136,600.0,12.968259410729363,0.1,0.0,0.1
-3.75,-101.25,56.581336113683136,600.0,19.864390693504056,0.1,0.0,0.1
-7.5,-90.0,56.581336113683136,600.0,15.857146852244657,0.1,0.0,0.1
18.75,-180.0,56.581336113683136,600.0,9.668002975001123,0.1,0.0,0.1
37.5,95.625,56.581336113683136,600.0,5.371500773611043,0.1,0.0,0.1
-11.25,-61.875,56.581336113683136,600.0,15.19908066832654,0.1,0.0,0.1
-71.25,118.125,231.81849741617432,600.0,11.730034182903744,0.1,0.0,0.1
37.5,33.75,231.81849741617432,600.0,8.10463039941735,0.1,0.0,0.1
-60.0,101.25,231.81849741617432,600.0,22.84135197735918,0.1,0.0,0.1
41.25,-151.875,231.81849741617432,600.0,19.472721537971488,0.1,0.0,0.1
30.0,-129.375,231.81849741617432,600.0,16.925076193893453,0.1,0.0,0.1
75.0,-168.75,231.81849741617432,600.0,15.27899367744797,0.1,0.0,0.1
-7.5,101.25,231.81849741617432,600.0,11.695042918900462,0.1,0.0,0.1
-41.25,-16.875,231.81849741617432,600.0,9.318633064657899,0.1,0.0,0.1
71.25,-50.625,231.81849741617432,600.0,25.818227161363055,0.1,0.0,0.1
52.5,67.5,231.81849741617432,600.0,16.86431168111056,0.1,0.0,0.1
15.0,-174.375,231.81849741617432,600.0,17.15808719032252,0.1,0.0,0.1
-90.0,-5.625,231.81849741617432,600.0,12.964377013267569,0.1,0.0,0.1
-41.25,-95.625,231.81849741617432,600.0,16.774852543857243,0.1,0.0,0.1
-22.5,-112.5,231.81849741617432,600.0,11.224405064045884,0.1,0.0,0.1
-52.5,-73.125,231.81849741617432,600.0,12.040484177864018,0.1,0.0,0.1
3.75,-95.625,231.81849741617432,600.0,10.871544906262336,0.1,0.0,0.1
-41.25,-39.375,231.81849741617432,600.0,10.837386129953138,0.1,0.0,0.1
0.0,-73.125,231.81849741617432,600.0,11.293251417812629,0.1,0.0,0.1
-45.0,28.125,231.81849741617432,600.0,14.833837866607771,0.1,0.0,0.1
-11.25,11.25,231.81849741617432,600.0,19.49045893675669,0.1,0.0,0.1
18.75,28.125,231.47428164091113,751.0748291015625,13.741649840695867,0.1,0.0,0.1
-41.25,112.5,231.47428164091113,510.81231689453125,9.219422454567152,0.1,0.0,0.1
26.25,-50.625,231.47428164091113,675.8715209960938,16.07086070964742,0.1,0.0,0.1
26.25,-33.75,231.47428164091113,495.53759765625,19.175132172389727,0.1,0.0,0.1
45.0,-56.25,231.47428164091113,516.1823120117188,19.471814562773275,0.1,0.0,0.1
-26.25,163.125,231.47428164091113,495.375244140625,13.735808981880487,0.1,0.0,0.1
-15.0,0.0,231.47428164091113,458.494873046875,8.822678146160865,0.1,0.0,0.1
-52.5,-78.75,231.47428164091113,490.119384765625,7.216957617390075,0.1,0.0,0.1
-52.5,-157.5,231.47428164091113,492.3002624511719,19.675655913779803,0.1,0.0,0.1
7.5,78.75,231.47428164091113,584.6947631835938,23.207710069301232,0.1,0.0,0.1
-37.5,-174.375,231.47428164091113,494.2496032714844,28.42489414729114,0.1,0.0,0.1
71.25,-112.5,231.47428164091113,491.347900390625,11.981839223369832,0.1,0.0,0.1
-41.25,-112.5,231.47428164091113,853.9266967773438,10.519143703124318,0.1,0.0,0.1
-60.0,5.625,231.47428164091113,463.24713134765625,11.318068440254576,0.1,0.0,0.1
-63.75,123.75,231.47428164091113,539.0010375976562,11.267861328129563,0.1,0.0,0.1
-90.0,-129.375,231.47428164091113,898.13037109375,24.437257749516984,0.1,0.0,0.1
-7.5,-45.0,231.47428164091113,486.4798278808594,21.890179863702965,0.1,0.0,0.1
86.25,-84.375,231.47428164091113,601.4041748046875,13.779766864307993,0.1,0.0,0.1
-22.5,67.5,231.47428164091113,885.1978759765625,13.109010589884818,0.1,0.0,0.1
15.0,157.5,231.47428164091113,566.3624267578125,20.28870750565399,0.1,0.0,0.1
11.25,33.75,159.97849962139105,600.0,15.575114707683817,0.1,0.0,0.1
-33.75,-112.5,159.97849962139105,0.007420239504426718,11.54377045439337,0.1,0.0,0.1
26.25,146.25,159.97849962139105,0.002451406791806221,22.12446791060922,0.1,0.0,0.1
78.75,22.5,159.97849962139105,600.0,6.849386699271371,0.1,0.0,0.1
-48.75,112.5,159.97849962139105,0.01788412593305111,10.780938875524416,0.1,0.0,0.1
63.75,56.25,159.97849962139105,0.016162773594260216,8.142317247911311,0.1,0.0,0.1
-48.75,0.0,159.97849962139105,0.01075779926031828,11.720339130056338,0.1,0.0,0.1
-56.25,78.75,159.97849962139105,600.0,8.814896183393728,0.1,0.0,0.1
-48.75,123.75,159.97849962139105,600.0,19.073825002090175,0.1,0.0,0.1
-86.25,168.75,159.97849962139105,600.0,18.849111223207775,0.1,0.0,0.1
3.75,-180.0,159.97849962139105,600.0,14.992779159391764,0.1,0.0,0.1
-48.75,135.0,159.97849962139105,600.0,23.86749077434004,0.1,0.0,0.1
41.25,56.25,159.97849962139105,0.002506652846932411,11.987869813886496,0.1,0.0,0.1
-78.75,101.25,159.97849962139105,600.0,15.074734679737324,0.1,0.0,0.1
41.25,123.75,159.97849962139105,600.0,18.296613340248083,0.1,0.0,0.1
-78.75,-56.25,159.97849962139105,600.0,17.33241987114868,0.1,0.0,0.1
48.75,-168.75,159.97849962139105,600.0,14.011915218071179,0.1,0.0,0.1
11.25,-168.75,159.97849962139105,0.00221854611299932,18.9130023087811,0.1,0.0,0.1
56.25,-33.75,159.97849962139105,0.014320938847959042,11.191290018821398,0.1,0.0,0.1
11.25,22.5,159.97849962139105,0.002625793917104602,14.301414831196734,0.1,0.0,0.1
-3.75,118.125,181.37896683783075,600.0,19.503858236004422,0.1,0.0,0.1
-30.0,73.125,181.37896683783075,600.0,23.68224705319639,0.1,0.0,0.1
-56.25,-73.125,181.37896683783075,600.0,15.663996523730237,0.1,0.0,0.1
67.5,-61.875,181.37896683783075,600.0,21.118934617175,0.1,0.0,0.1
52.5,118.125,181.37896683783075,600.0,7.088191050126026,0.1,0.0,0.1
-56.25,129.375,181.37896683783075,600.0,11.72426577346248,0.1,0.0,0.1
15.0,-5.625,181.37896683783075,600.0,18.984054060829195,0.1,0.0,0.1
75.0,163.125,181.37896683783075,600.0,16.303718971598183,0.1,0.0,0.1
-78.75,-168.75,181.37896683783075,600.0,13.318813554463869,0.1,0.0,0.1
-75.0,-45.0,181.37896683783075,600.0,12.777729195191355,0.1,0.0,0.1
-33.75,-106.875,181.37896683783075,600.0,17.44848696818407,0.1,0.0,0.1
-22.5,-123.75,181.37896683783075,600.0,19.453220287047262,0.1,0.0,0.1
-45.0,-157.5,181.37896683783075,600.0,23.452967709519015,0.1,0.0,0.1
52.5,-106.875,181.37896683783075,600.0,20.425864595168335,0.1,0.0,0.1
-90.0,-16.875,181.37896683783075,600.0,22.626695714952035,0.1,0.0,0.1
86.25,95.625,181.37896683783075,600.0,9.1307178981061,0.1,0.0,0.1
-71.25,-174.375,181.37896683783075,600.0,20.190875924419764,0.1,0.0,0.1
52.5,-140.625,181.37896683783075,600.0,17.22590496421503,0.1,0.0,0.1
11.25,5.625,181.37896683783075,600.0,15.778350421679608,0.1,0.0,0.1
-11.25,33.75,181.37896683783075,600.0,16.791330465523714,0.1,0.0,0.1
11.25,67.5,13.779366328990443,506.7506103515625,9.584581819948468,0.1,0.0,0.1
-18.75,-163.125,13.779366328990443,998.6762084960938,4.56813591351451,0.1,0.0,0.1
82.5,-39.375,13.779366328990443,470.8634948730469,13.376269720511766,0.1,0.0,0.1
75.0,-61.875,13.779366328990443,532.42822265625,15.703579893889625,0.1,0.0,0.1
-56.25,56.25,13.779366328990443,609.8514404296875,13.604207234322713,0.1,0.0,0.1
-18.75,174.375,13.779366328990443,517.0796508789062,16.992362191519348,0.1,0.0,0.1
-15.0,-106.875,13.779366328990443,518.2413330078125,15.133486663970414,0.1,0.0,0.1
-22.5,56.25,13.779366328990443,490.7633056640625,14.62073044132619,0.1,0.0,0.1
30.0,56.25,13.779366328990443,604.3280639648438,8.13407221679262,0.1,0.0,0.1
-7.5,33.75,13.779366328990443,355.50811767578125,16.190057398504013,0.1,0.0,0.1
26.25,39.375,13.779366328990443,474.6619873046875,8.248107265539613,0.1,0.0,0.1
75.0,135.0,13.779366328990443,753.3201293945312,17.011502430916146,0.1,0.0,0.1
-22.5,101.25,13.779366328990443,454.18267822265625,9.3924512272115,0.1,0.0,0.1
-48.75,-16.875,13.779366328990443,767.7139282226562,13.056476537315351,0.1,0.0,0.1
-3.75,-5.625,13.779366328990443,430.9622802734375,24.673532255510164,0.1,0.0,0.1
82.5,140.625,13.779366328990443,507.57623291015625,21.656037508154004,0.1,0.0,0.1
-78.75,163.125,13.779366328990443,798.3421630859375,16.354158339561266,0.1,0.0,0.1
-82.5,146.25,13.779366328990443,476.99749755859375,23.831693502455174,0.1,0.0,0.1
-7.5,-67.5,13.779366328990443,649.5693969726562,15.969211032898016,0.1,0.0,0.1
63.75,-129.375,13.779366328990443,397.7506408691406,9.859067894716343,0.1,0.0,0.1
3.75,-106.875,123.37043915699651,525.3865966796875,14.969044339846263,0.1,0.0,0.1
-52.5,-78.75,123.37043915699651,764.5027465820312,2.6664723288461225,0.1,0.0,0.1
56.25,90.0,123.37043915699651,991.7296142578125,8.897052956414061,0.1,0.0,0.1
-45.0,-140.625,123.37043915699651,520.5921020507812,11.726926139350628,0.1,0.0,0.1
45.0,-28.125,123.37043915699651,492.5299987792969,19.30229992177241,0.1,0.0,0.1
90.0,-22.5,123.37043915699651,876.14404296875,16.08606428932091,0.1,0.0,0.1
15.0,-61.875,123.37043915699651,486.58160400390625,17.33654754688512,0.1,0.0,0.1
56.25,78.75,123.37043915699651,802.3182983398438,19.907335729419188,0.1,0.0,0.1
-78.75,22.5,123.37043915699651,476.5921630859375,15.58134247577743,0.1,0.0,0.1
-7.5,174.375,123.37043915699651,908.87744140625,12.254365448668526,0.1,0.0,0.1
60.0,-118.125,123.37043915699651,452.2818603515625,18.951770936815375,0.1,0.0,0.1
-22.5,-146.25,123.37043915699651,519.4653930664062,16.112618518026157,0.1,0.0,0.1
-18.75,45.0,123.37043915699651,459.5022888183594,18.816907770771895,0.1,0.0,0.1
-60.0,61.875,123.37043915699651,522.9713745117188,26.45964893301268,0.1,0.0,0.1
-56.25,73.125,123.37043915699651,512.1163940429688,6.477207635502692,0.1,0.0,0.1
7.5,73.125,123.37043915699651,454.6910400390625,17.434365711301975,0.1,0.0,0.1
-82.5,67.5,123.37043915699651,529.8287353515625,6.526818540039695,0.1,0.0,0.1
63.75,-5.625,123.37043915699651,915.7890625,12.635566755374965,0.1,0.0,0.1
-7.5,0.0,123.37043915699651,609.3926391601562,18.938857029138276,0.1,0.0,0.1
-90.0,-118.125,123.37043915699651,516.9968872070312,19.224302765134944,0.1,0.0,0.1
-63.75,95.625,346.86882395556245,600.0,6.410872715449573,0.1,0.0,0.1
-11.25,73.125,346.86882395556245,600.0,20.19002956667568,0.1,0.0,0.1
3.75,33.75,346.86882395556245,600.0,26.393811664463428,0.1,0.0,0.1
52.5,-28.125,346.86882395556245,600.0,10.278899868988574,0.1,0.0,0.1
-37.5,39.375,346.86882395556245,600.0,21.114274083923675,0.1,0.0,0.1
56.25,-101.25,346.86882395556245,600.0,17.275073319821328,0.1,0.0,0.1
-45.0,157.5,346.86882395556245,600.0,15.354845224271328,0.1,0.0,0.1
67.5,90.0,346.86882395556245,600.0,15.601006183641864,0.1,0.0,0.1
26.25,-56.25,346.86882395556245,600.0,13.347993477580676,0.1,0.0,0.1
-30.0,157.5,346.86882395556245,600.0,18.279748818943876,0.1,0.0,0.1
-48.75,-140.625,346.86882395556245,600.0,21.538134581289512,0.1,0.0,0.1
78.75,-84.375,346.86882395556245,600.0,10.900535685550107,0.1,0.0,0.1
63.75,-95.625,346.86882395556245,600.0,13.14368011345071,0.1,0.0,0.1
-33.75,78.75,346.86882395556245,600.0,19.495786421285715,0.1,0.0,0.1
56.25,-106.875,346.86882395556245,600.0,11.934467934854874,0.1,0.0,0.1
-41.25,39.375,346.86882395556245,600.0,12.590008986690947,0.1,0.0,0.1
52.5,168.75,346.86882395556245,600.0,10.73541513274486,0.1,0.0,0.1
90.0,39.375,346.86882395556245,600.0,9.995315933319027,0.1,0.0,0.1
-86.25,-135.0,346.86882395556245,600.0,17.793558265797415,0.1,0.0,0.1
11.25,39.375,346.86882395556245,600.0,17.291073713060285,0.1,0.0,0.1
3.75,-174.375,158.31427538132124,600.0,11.958844490317816,0.1,0.0,0.1
52.5,-146.25,158.31427538132124,600.0,13.387691967706187,0.1,0.0,0.1
52.5,151.875,158.31427538132124,600.0,12.15586588909229,0.1,0.0,0.1
-78.75,-140.625,158.31427538132124,600.0,8.825861800155495,0.1,0.0,0.1
-7.5,-163.125,158.31427538132124,600.0,7.890118634393922,0.1,0.0,0.1
15.0,-56.25,158.31427538132124,600.0,8.105065081400742,0.1,0.0,0.1
71.25,163.125,158.31427538132124,600.0,20.40386833836313,0.1,0.0,0.1
-71.25,-174.375,158.31427538132124,600.0,18.622234600966856,0.1,0.0,0.1
71.25,-11.25,158.31427538132124,600.0,18.27678679321497,0.1,0.0,0.1
0.0,73.125,158.31427538132124,600.0,12.77708194807627,0.1,0.0,0.1
-33.75,-56.25,158.31427538132124,600.0,24.099619994601376,0.1,0.0,0.1
-7.5,-95.625,158.31427538132124,600.0,13.745096182839513,0.1,0.0,0.1
-26.25,-73.125,158.31427538132124,600.0,5.837019699758605,0.1,0.0,0.1
-33.75,129.375,158.31427538132124,600.0,6.827218110924289,0.1,0.0,0.1
15.0,73.125,158.31427538132124,600.0,20.684891500640003,0.1,0.0,0.1
37.5,84.375,158.31427538132124,600.0,27.267777096724714,0.1,0.0,0.1
3.75,78.75,158.31427538132124,600.0,25.260695887755162,0.1,0.0,0.1
71.25,112.5,158.31427538132124,600.0,25.182323842256935,0.1,0.0,0.1
-75.0,135.0,158.31427538132124,600.0,13.827200661179406,0.1,0.0,0.1
-60.0,151.875,158.31427538132124,600.0,17.37874875691809,0.1,0.0,0.1
22.5,67.5,7.938590978408695,453.71392822265625,13.647010990706372,0.1,0.0,0.1
-52.5,90.0,7.938590978408695,352.4786682128906,10.659085999777364,0.1,0.0,0.1
-71.25,-123.75,7.938590978408695,425.2063293457031,15.509670278195742,0.1,0.0,0.1
-22.5,101.25,7.938590978408695,703.6210327148438,5.49241458516425,0.1,0.0,0.1
-22.5,-84.375,7.938590978408695,634.9305419921875,17.799170529576678,0.1,0.0,0.1
-11.25,-118.125,7.938590978408695,470.1962890625,10.322185088956859,0.1,0.0,0.1
-30.0,73.125,7.938590978408695,728.5169677734375,11.899375883512633,0.1,0.0,0.1
48.75,-39.375,7.938590978408695,657.0083618164062,8.864674763278222,0.1,0.0,0.1
-22.5,-129.375,7.938590978408695,639.8189697265625,13.84620511021296,0.1,0.0,0.1
48.75,101.25,7.938590978408695,725.3678588867188,14.869860284383705,0.1,0.0,0.1
-11.25,-45.0,7.938590978408695,387.3684387207031,9.985734797013322,0.1,0.0,0.1
-30.0,-174.375,7.938590978408695,414.5189514160156,25.42513262493138,0.1,0.0,0.1
11.25,-56.25,7.938590978408695,741.7924194335938,17.21053093321919,0.1,0.0,0.1
78.75,67.5,7.938590978408695,431.8124694824219,11.970129649993243,0.1,0.0,0.1
86.25,-84.375,7.938590978408695,527.3524780273438,17.720225901043587,0.1,0.0,0.1
26.25,39.375,7.938590978408695,411.8036193847656,15.610596766905735,0.1,0.0,0.1
41.25,168.75,7.938590978408695,755.2818603515625,19.31091836577192,0.1,0.0,0.1
-41.25,-11.25,7.938590978408695,409.9679870605469,24.711766219447256,0.1,0.0,0.1
60.0,-174.375,7.938590978408695,645.2155151367188,16.78471059265638,0.1,0.0,0.1
41.25,90.0,7.938590978408695,421.0284118652344,4.243398152126815,0.1,0.0,0.1
60.0,-45.0,80.98255408668248,600.0,14.08167895662122,0.1,0.0,0.1
26.25,-163.125,80.98255408668248,600.0,21.389100964415857,0.1,0.0,0.1
26.25,112.5,80.98255408668248,600.0,11.165958852776603,0.1,0.0,0.1
-56.25,-22.5,80.98255408668248,600.0,11.286033352633197,0.1,0.0,0.1
37.5,-146.25,80.98255408668248,600.0,9.682906641423088,0.1,0.0,0.1
-60.0,140.625,80.98255408668248,600.0,11.433347357117835,0.1,0.0,0.1
-45.0,112.5,80.98255408668248,600.0,2.830550709811938,0.1,0.0,0.1
90.0,-163.125,80.98255408668248,600.0,8.170864930178288,0.1,0.0,0.1
-82.5,-5.625,80.98255408668248,600.0,9.80142462924533,0.1,0.0,0.1
-75.0,151.875,80.98255408668248,600.0,18.40150641994857,0.1,0.0,0.1
-71.25,33.75,80.98255408668248,600.0,20.902825042812626,0.1,0.0,0.1
3.75,73.125,80.98255408668248,600.0,22.95853949818817,0.1,0.0,0.1
56.25,-84.375,80.98255408668248,600.0,17.296915714718683,0.1,0.0,0.1
-48.75,-123.75,80.98255408668248,600.0,19.921173888108207,0.1,0.0,0.1
67.5,-90.0,80.98255408668248,600.0,11.039702505807846,0.1,0.0,0.1
-71.25,174.375,80.98255408668248,600.0,15.056278956067843,0.1,0.0,0.1
67.5,-11.25,80.98255408668248,600.0,23.364735872348795,0.1,0.0,0.1
37.5,-11.25,80.98255408668248,600.0,13.573388163492195,0.1,0.0,0.1
30.0,-28.125,80.98255408668248,600.0,8.278899004941733,0.1,0.0,0.1
-75.0,22.5,80.98255408668248,600.0,23.81861639300441,0.1,0.0,0.1
58.5,-12.0,175.7784899820933,600.0,20.744217362034213,0.1,0.0,0.1
-19.5,87.0,175.7784899820933,600.0,29.321201187678188,0.1,0.0,0.1
10.5,-45.0,175.7784899820933,600.0,10.20171247256762,3.8549680629128535,1.0,3.8549680629128535
-85.5,24.0,175.7784899820933,600.0,18.723178647448524,4.168866427590662,1.0,4.168866427590662
-58.5,-90.0,175.7784899820933,600.0,21.546250581994453,3.64232658458542,1.0,3.64232658458542
7.5,96.0,175.7784899820933,600.0,16.50026053042997,0.1,0.0,0.1
-88.5,102.0,175.7784899820933,600.0,13.882652825621403,1.7150381006304896,1.0,1.7150381006304896
25.5,-108.0,175.7784899820933,600.0,17.66812675603543,2.7266178436086896,1.0,2.7266178436086896
-13.5,-87.0,175.7784899820933,600.0,16.84824017464483,3.7626414245730655,1.0,3.7626414245730655
-1.5,-129.0,175.7784899820933,600.0,4.4507845501763335,4.055203119706341,1.0,4.055203119706341
4.5,18.0,175.7784899820933,600.0,13.522974447932627,2.51433483877459,1.0,2.51433483877459
-43.5,-54.0,175.7784899820933,600.0,18.89054052185803,3.901178112298001,1.0,3.901178112298001
-22.5,-177.0,175.7784899820933,600.0,27.593948629652317,0.1,0.0,0.1
-76.5,171.0,175.7784899820933,600.0,9.09611307886285,4.73353904058259,1.0,4.73353904058259
-73.5,156.0,175.7784899820933,600.0,22.011829894009637,4.699292542208615,1.0,4.699292542208615
-73.5,177.0,175.7784899820933,600.0,14.556801373274398,2.088911978822977,1.0,2.088911978822977
61.5,30.0,175.7784899820933,600.0,15.972401636441216,0.1,0.0,0.1
-55.5,-63.0,175.7784899820933,600.0,12.972109876695052,4.7052691178557495,1.0,4.7052691178557495
-16.5,54.0,175.7784899820933,600.0,17.058323337145698,0.1,0.0,0.1
-88.5,-42.0,175.7784899820933,600.0,14.256092233932987,0.1,0.0,0.1
82.5,-156.0,348.6718003711528,600.0,20.41119078074353,2.566685694249686,1.0,2.566685694249686
-7.5,-162.0,348.6718003711528,600.0,10.314807053583673,4.391529530872347,1.0,4.391529530872347
-61.5,171.0,348.6718003711528,600.0,17.293690881071125,0.1,0.0,0.1
-43.5,-162.0,348.6718003711528,600.0,10.153854043366284,0.1,0.0,0.1
31.5,81.0,348.6718003711528,600.0,13.386781093649601,2.8921489808937024,1.0,2.8921489808937024
28.5,111.0,348.6718003711528,600.0,11.228816763352807,3.2537999994002087,1.0,3.2537999994002087
16.5,30.0,348.6718003711528,600.0,13.43444437741816,0.1,0.0,0.1
67.5,54.0,348.6718003711528,600.0,18.503274748616864,1.8248327891436171,1.0,1.8248327891436171
82.5,-9.0,348.6718003711528,600.0,19.19642903159285,1.9766001635754145,1.0,1.9766001635754145
-34.5,-165.0,348.6718003711528,600.0,15.114475140470441,4.1448319855812485,1.0,4.1448319855812485
28.5,-75.0,348.6718003711528,600.0,9.479480640605123,0.1,0.0,0.1
-55.5,24.0,348.6718003711528,600.0,11.071425793738548,3.893927835107641,1.0,3.893927835107641
-40.5,-57.0,348.6718003711528,600.0,13.336923543498107,3.955770443290184,1.0,3.955770443290184
46.5,75.0,348.6718003711528,600.0,24.816057125572968,1.976159082908342,1.0,1.976159082908342
-31.5,3.0,348.6718003711528,600.0,14.121725591244386,0.1,0.0,0.1
34.5,-48.0,348.6718003711528,600.0,12.952872755529764,0.1,0.0,0.1
-34.5,81.0,348.6718003711528,600.0,11.126062809221569,0.1,0.0,0.1
-7.5,135.0,348.6718003711528,600.0,20.7433173540566,0.1,0.0,0.1
-37.5,-72.0,348.6718003711528,600.0,11.116879795856578,0.1,0.0,0.1
-70.5,-21.0,348.6718003711528,600.0,10.47168001129897,0.1,0.0,0.1
73.5,-126.0,68.11741251688134,600.0,13.347587485204468,4.729947141710414,1.0,4.729947141710414
70.5,-126.0,68.11741251688134,600.0,21.6772377041715,0.1,0.0,0.1
73.5,-93.0,68.11741251688134,600.0,12.349731223657823,0.1,0.0,0.1
13.5,0.0,68.11741251688134,600.0,16.054203679725077,0.1,0.0,0.1
-70.5,-27.0,68.11741251688134,600.0,18.30983625056622,4.7668606328271235,1.0,4.7668606328271235
70.5,-27.0,68.11741251688134,600.0,20.331638835178723,4.898796935754941,1.0,4.898796935754941
-22.5,60.0,68.11741251688134,600.0,22.151995388667924,2.1512909671594276,1.0,2.1512909671594276
-19.5,147.0,68.11741251688134,600.0,9.31589773884351,0.1,0.0,0.1
52.5,-93.0,68.11741251688134,600.0,21.748839704940725,2.2807060008573696,1.0,2.2807060008573696
-67.5,42.0,68.11741251688134,600.0,19.711221406445695,2.497551743617959,1.0,2.497551743617959
55.5,-153.0,68.11741251688134,600.0,12.769990654071893,0.1,0.0,0.1
-67.5,159.0,68.11741251688134,600.0,15.108741409669095,2.691004598268722,1.0,2.691004598268722
-1.5,141.0,68.11741251688134,600.0,16.131182874763812,2.2576415079374588,1.0,2.2576415079374588
1.5,39.0,68.11741251688134,600.0,18.40491888604943,0.1,0.0,0.1
55.5,-177.0,68.11741251688134,600.0,22.45806690989716,1.783340091752606,1.0,1.783340091752606
64.5,120.0,68.11741251688134,600.0,15.513916776118775,0.1,0.0,0.1
-76.5,177.0,68.11741251688134,600.0,26.461815531058782,4.352414214767487,1.0,4.352414214767487
-37.5,99.0,68.11741251688134,600.0,21.008964385243416,0.1,0.0,0.1
25.5,51.0,68.11741251688134,600.0,25.977744113822467,3.8643653708369223,1.0,3.8643653708369223
1.5,-9.0,68.11741251688134,600.0,19.697429046683848,4.262217173128314,1.0,4.262217173128314
19.5,-96.0,51.374600982916505,600.0,12.496445841268253,0.1,0.0,0.1
-13.5,129.0,51.374600982916505,600.0,12.826943154985438,0.1,0.0,0.1
79.5,132.0,51.374600982916505,600.0,9.63252752752645,0.1,0.0,0.1
64.5,159.0,51.374600982916505,600.0,14.505760872605995,0.1,0.0,0.1
1.5,-96.0,51.374600982916505,600.0,15.103165876426486,0.1,0.0,0.1
-19.5,159.0,51.374600982916505,600.0,10.200840812103465,0.1,0.0,0.1
61.5,-39.0,51.374600982916505,600.0,17.38009607596888,0.1,0.0,0.1
67.5,-27.0,51.374600982916505,600.0,17.33255198027353,0.1,0.0,0.1
-13.5,-117.0,51.374600982916505,600.0,7.771012973862628,4.088805900491614,1.0,4.088805900491614
-40.5,-30.0,51.374600982916505,600.0,11.965125768644675,2.050546638971639,1.0,2.050546638971639
43.5,-132.0,51.374600982916505,600.0,12.944202655065615,1.9887649557175562,1.0,1.9887649557175562
82.5,6.0,51.374600982916505,600.0,12.164144909115816,0.1,0.0,0.1
19.5,-75.0,51.374600982916505,600.0,20.151170897295977,0.1,0.0,0.1
-49.5,-150.0,51.374600982916505,600.0,16.146171101390014,0.1,0.0,0.1
-70.5,-126.0,51.374600982916505,600.0,11.208126206390286,0.1,0.0,0.1
-25.5,96.0,51.374600982916505,600.0,9.023711122337364,0.1,0.0,0.1
70.5,135.0,51.374600982916505,600.0,20.099619726780674,2.8409499134524925,1.0,2.8409499134524925
-4.5,36.0,51.374600982916505,600.0,18.4575259697404,0.1,0.0,0.1
82.5,66.0,51.374600982916505,600.0,16.153483229198322,3.924388029239517,1.0,3.924388029239517
-28.5,-99.0,51.374600982916505,600.0,16.82399193347525,2.9158079546774216,1.0,2.9158079546774216
-70.5,-12.0,236.73470241101242,600.0,15.52419080799217,0.1,0.0,0.1
16.5,9.0,236.73470241101242,600.0,14.388500589571644,1.612461256445499,1.0,1.612461256445499
64.5,156.0,236.73470241101242,600.0,16.915436205774522,0.1,0.0,0.1
-82.5,-93.0,236.73470241101242,600.0,14.690271178914118,4.7845725423102765,1.0,4.7845725423102765
-70.5,-33.0,236.73470241101242,600.0,5.178387080005377,0.1,0.0,0.1
43.5,-111.0,236.73470241101242,600.0,16.12866315615835,3.603474817597229,1.0,3.603474817597229
88.5,-3.0,236.73470241101242,600.0,6.106065111195507,0.1,0.0,0.1
76.5,75.0,236.73470241101242,600.0,17.75009860561314,2.922577566652099,1.0,2.922577566652099
-28.5,168.0,236.73470241101242,600.0,17.25654672477767,4.540336488969847,1.0,4.540336488969847
-46.5,6.0,236.73470241101242,600.0,15.142321839080726,3.089271442926772,1.0,3.089271442926772
-16.5,-30.0,236.73470241101242,600.0,9.86796738068638,4.605212275887869,1.0,4.605212275887869
85.5,-129.0,236.73470241101242,600.0,17.970778288984782,2.943015179772364,1.0,2.943015179772364
-79.5,-96.0,236.73470241101242,600.0,11.574273350198581,0.1,0.0,0.1
-82.5,-147.0,236.73470241101242,600.0,11.602498312025695,2.8266913117022403,1.0,2.8266913117022403
-1.5,-21.0,236.73470241101242,600.0,19.33753662099175,3.9395014119512104,1.0,3.9395014119512104
-49.5,-126.0,236.73470241101242,600.0,21.674531118452382,2.821366429871065,1.0,2.821366429871065
34.5,90.0,236.73470241101242,600.0,16.715148243154285,0.1,0.0,0.1
76.5,81.0,236.73470241101242,600.0,15.309307482462026,4.283933522242915,1.0,4.283933522242915
-16.5,-39.0,236.73470241101242,600.0,11.405813004140349,4.161367557644226,1.0,4.161367557644226
-67.5,-174.0,236.73470241101242,600.0,21.688809172284746,2.4342013516856005,1.0,2.4342013516856005
64.5,-180.0,309.41272488109263,600.0,18.51760160190341,0.1,0.0,0.1
55.5,-24.0,309.41272488109263,600.0,9.801898079593535,0.1,0.0,0.1
-34.5,-108.0,309.41272488109263,600.0,19.060035181790575,4.138901558902163,1.0,4.138901558902163
61.5,-48.0,309.41272488109263,600.0,18.03134359304133,2.8824540853001257,1.0,2.8824540853001257
-64.5,-87.0,309.41272488109263,600.0,12.997624290398061,0.1,0.0,0.1
-52.5,-54.0,309.41272488109263,600.0,12.168373399642535,3.4875070847599114,1.0,3.4875070847599114
1.5,15.0,309.41272488109263,600.0,16.781553781582158,3.0450581018156893,1.0,3.0450581018156893
-52.5,-90.0,309.41272488109263,600.0,15.846386627539124,0.1,0.0,0.1
-16.5,-45.0,309.41272488109263,600.0,8.849360760871635,4.11980856772133,1.0,4.11980856772133
61.5,-126.0,309.41272488109263,600.0,16.145512892693127,0.1,0.0,0.1
16.5,-9.0,309.41272488109263,600.0,13.977787898660305,0.1,0.0,0.1
61.5,-75.0,309.41272488109263,600.0,13.545161975254981,0.1,0.0,0.1
-1.5,-9.0,309.41272488109263,600.0,17.787776427916366,4.851125546438302,1.0,4.851125546438302
61.5,-18.0,309.41272488109263,600.0,16.58853981739471,2.8734876399037255,1.0,2.8734876399037255
-64.5,168.0,309.41272488109263,600.0,17.655318081109613,4.762245507540023,1.0,4.762245507540023
67.5,-138.0,309.41272488109263,600.0,15.239994329623126,0.1,0.0,0.1
88.5,123.0,309.41272488109263,600.0,8.330374030595094,1.969765108214948,1.0,1.969765108214948
-49.5,63.0,309.41272488109263,600.0,24.090005884498467,1.9913481954890633,1.0,1.9913481954890633
37.5,15.0,309.41272488109263,600.0,9.46811276944171,4.928491488191881,1.0,4.928491488191881
55.5,-6.0,309.41272488109263,600.0,12.078653923935939,2.930033074567295,1.0,2.930033074567295
76.5,75.0,200.01048454951362,600.0,18.440126708813292,2.3163723427595038,1.0,2.3163723427595038
79.5,36.0,200.01048454951362,600.0,15.852462595620882,2.3115809423150093,1.0,2.3115809423150093
37.5,3.0,200.01048454951362,600.0,22.287544263912277,1.9909666884145407,1.0,1.9909666884145407
76.5,-108.0,200.01048454951362,600.0,11.913262706872958,0.1,0.0,0.1
73.5,-51.0,200.01048454951362,600.0,13.392138228835076,2.428373170496419,1.0,2.428373170496419
-49.5,-129.0,200.01048454951362,600.0,10.299017935516185,0.1,0.0,0.1
-4.5,-162.0,200.01048454951362,600.0,17.745019236170915,2.4747128655342077,1.0,2.4747128655342077
43.5,120.0,200.01048454951362,600.0,19.078001361608607,1.6290605699299927,1.0,1.6290605699299927
-73.5,141.0,200.01048454951362,600.0,19.407752331217296,4.013255046993966,1.0,4.013255046993966
55.5,66.0,200.01048454951362,600.0,11.517372972554051,2.8162071212478184,1.0,2.8162071212478184
7.5,-120.0,200.01048454951362,600.0,19.150410035748422,3.7759474246555977,1.0,3.7759474246555977
-4.5,24.0,200.01048454951362,600.0,18.75448551166638,4.8334190639679555,1.0,4.8334190639679555
28.5,-162.0,200.01048454951362,600.0,14.991525813446353,0.1,0.0,0.1
-46.5,-24.0,200.01048454951362,600.0,14.899301647785446,0.1,0.0,0.1
-85.5,-150.0,200.01048454951362,600.0,15.557564741735359,0.1,0.0,0.1
7.5,51.0,200.01048454951362,600.0,10.199217937497806,2.338514595089239,1.0,2.338514595089239
-76.5,-111.0,200.01048454951362,600.0,11.536348732040617,2.4598823627966957,1.0,2.4598823627966957
22.5,-48.0,200.01048454951362,600.0,17.93917515852247,4.261661540590428,1.0,4.261661540590428
55.5,150.0,200.01048454951362,600.0,19.881802054919252,0.1,0.0,0.1
64.5,-57.0,200.01048454951362,600.0,15.994724067389765,0.1,0.0,0.1
-76.5,150.0,327.46284172151854,600.0,11.669115878044261,4.571787338768843,1.0,4.571787338768843
52.5,-36.0,327.46284172151854,600.0,24.69629722097466,4.211713572181969,1.0,4.211713572181969
-76.5,99.0,327.46284172151854,600.0,16.233099020722182,2.121888004428126,1.0,2.121888004428126
-70.5,-180.0,327.46284172151854,600.0,12.72610259168232,0.1,0.0,0.1
-31.5,-165.0,327.46284172151854,600.0,14.408517303405885,0.1,0.0,0.1
-85.5,6.0,327.46284172151854,600.0,25.442298911652355,0.1,0.0,0.1
40.5,0.0,327.46284172151854,600.0,12.129121959593927,0.1,0.0,0.1
79.5,108.0,327.46284172151854,600.0,14.879519288585426,0.1,0.0,0.1
19.5,168.0,327.46284172151854,600.0,15.141551002982924,0.1,0.0,0.1
34.5,-57.0,327.46284172151854,600.0,17.22107418155281,4.251491668759781,1.0,4.251491668759781
-4.5,66.0,327.46284172151854,600.0,16.346675473635457,0.1,0.0,0.1
40.5,57.0,327.46284172151854,600.0,15.156509803943647,2.4790453733102793,1.0,2.4790453733102793
-7.5,-81.0,327.46284172151854,600.0,14.679226627810115,0.1,0.0,0.1
-49.5,114.0,327.46284172151854,600.0,18.626209055373252,4.136490928204308,1.0,4.136490928204308
-40.5,-99.0,327.46284172151854,600.0,16.37184739387156,2.563067990496259,1.0,2.563067990496259
-10.5,33.0,327.46284172151854,600.0,17.26108208137959,4.254229829053806,1.0,4.254229829053806
-73.5,-180.0,327.46284172151854,600.0,7.053451756975814,2.0588963731772125,1.0,2.0588963731772125
25.5,51.0,327.46284172151854,600.0,10.585128705740955,0.1,0.0,0.1
40.5,-75.0,327.46284172151854,600.0,11.790646848200172,0.1,0.0,0.1
61.5,84.0,327.46284172151854,600.0,15.528102044278793,1.9465429208612555,1.0,1.9465429208612555
-10.5,-150.0,234.31083531600433,600.0,6.916071295263201,4.67220090015626,1.0,4.67220090015626
55.5,-33.0,234.31083531600433,600.0,15.16427980047947,4.749519744278356,1.0,4.749519744278356
-64.5,9.0,234.31083531600433,600.0,5.144734922484698,0.1,0.0,0.1
88.5,0.0,234.31083531600433,600.0,11.768142315080732,0.1,0.0,0.1
22.5,120.0,234.31083531600433,600.0,14.02261817127946,2.9308442186100754,1.0,2.9308442186100754
-13.5,-75.0,234.31083531600433,600.0,12.65852158684168,0.1,0.0,0.1
-40.5,-45.0,234.31083531600433,600.0,8.397938449781217,1.917488911210427,1.0,1.917488911210427
-70.5,108.0,234.31083531600433,600.0,22.213727020191723,3.3034511053435636,1.0,3.3034511053435636
-28.5,-42.0,234.31083531600433,600.0,14.550215280504329,0.1,0.0,0.1
-82.5,-33.0,234.31083531600433,600.0,21.03523766765706,3.8179127197932625,1.0,3.8179127197932625
25.5,171.0,234.31083531600433,600.0,16.665159032785496,1.9531098227484387,1.0,1.9531098227484387
28.5,-93.0,234.31083531600433,600.0,21.33035332627813,0.1,0.0,0.1
-46.5,-36.0,234.31083531600433,600.0,8.076175438529624,4.779982195353956,1.0,4.779982195353956
-13.5,-144.0,234.31083531600433,600.0,19.173991121397403,4.905928305126276,1.0,4.905928305126276
16.5,-108.0,234.31083531600433,600.0,19.10656988122105,3.305516030149006,1.0,3.305516030149006
19.5,114.0,234.31083531600433,600.0,12.107241483409007,2.4627005395875,1.0,2.4627005395875
43.5,129.0,234.31083531600433,600.0,13.04506051848291,0.1,0.0,0.1
-37.5,-123.0,234.31083531600433,600.0,10.635157927870882,1.8233946718653724,1.0,1.8233946718653724
73.5,-123.0,234.31083531600433,600.0,15.640718423099806,2.6569571768023197,1.0,2.6569571768023197
55.5,-132.0,234.31083531600433,600.0,17.5086923697462,0.1,0.0,0.1
-28.5,-78.0,173.01331072483558,600.0,8.91007484808394,0.1,0.0,0.1
-58.5,69.0,173.01331072483558,600.0,13.420407494564955,1.752738727522562,1.0,1.752738727522562
-10.5,-162.0,173.01331072483558,600.0,18.439270971724042,0.1,0.0,0.1
4.5,162.0,173.01331072483558,600.0,17.626334973351184,0.1,0.0,0.1
22.5,93.0,173.01331072483558,600.0,21.862235354318468,2.664297081766459,1.0,2.664297081766459
-37.5,-81.0,173.01331072483558,600.0,14.3846049610737,0.1,0.0,0.1
70.5,18.0,173.01331072483558,600.0,12.325096388662864,0.1,0.0,0.1
-7.5,39.0,173.01331072483558,600.0,9.2857763083031,4.982560081129997,1.0,4.982560081129997
-88.5,-12.0,173.01331072483558,600.0,13.03281739274078,1.68142500973806,1.0,1.68142500973806
-76.5,156.0,173.01331072483558,600.0,14.6173989773929,0.1,0.0,0.1
-46.5,78.0,173.01331072483558,600.0,15.303810843308684,2.135868666607531,1.0,2.135868666607531
55.5,-129.0,173.01331072483558,600.0,6.284020631855917,0.1,0.0,0.1
22.5,-3.0,173.01331072483558,600.0,16.49787902373891,3.364751785820596,1.0,3.364751785820596
52.5,-3.0,173.01331072483558,600.0,20.24489438070627,4.865180633427261,1.0,4.865180633427261
-40.5,-177.0,173.01331072483558,600.0,15.8849600190114,3.0654872510254085,1.0,3.0654872510254085
-4.5,75.0,173.01331072483558,600.0,11.446493052700951,0.1,0.0,0.1
34.5,-102.0,173.01331072483558,600.0,11.691457283003395,0.1,0.0,0.1
16.5,156.0,173.01331072483558,600.0,7.327728344431968,0.1,0.0,0.1
4.5,66.0,173.01331072483558,600.0,24.160989149163974,0.1,0.0,0.1
25.5,-9.0,173.01331072483558,600.0,17.359315304351433,2.0167326624294626,1.0,2.0167326624294626
55.5,-24.0,154.72616355177678,600.0,20.21893138261823,1.721214070837661,1.0,1.721214070837661
-1.5,105.0,154.72616355177678,600.0,25.031799218259735,4.9000280409005645,1.0,4.9000280409005645
67.5,-6.0,154.72616355177678,600.0,6.964978427976812,0.1,0.0,0.1
-85.5,39.0,154.72616355177678,600.0,10.003649695533353,2.119531827472925,1.0,2.119531827472925
-19.5,-87.0,154.72616355177678,600.0,21.146290728991268,0.1,0.0,0.1
-70.5,42.0,154.72616355177678,600.0,9.136693267928436,0.1,0.0,0.1
1.5,42.0,154.72616355177678,600.0,17.09099696018916,2.8826764944382592,1.0,2.8826764944382592
-43.5,135.0,154.72616355177678,600.0,6.893250259529044,2.386324597934348,1.0,2.386324597934348
1.5,-99.0,154.72616355177678,600.0,3.1618064216626802,3.0094625755155056,1.0,3.0094625755155056
88.5,63.0,154.72616355177678,600.0,15.113226421173684,4.700564686349852,1.0,4.700564686349852
1.5,75.0,154.72616355177678,600.0,15.554438845719831,0.1,0.0,0.1
-13.5,-33.0,154.72616355177678,600.0,8.834475696491214,0.1,0.0,0.1
-10.5,90.0,154.72616355177678,600.0,22.165308015945435,4.170257793002156,1.0,4.170257793002156
-4.5,-6.0,154.72616355177678,600.0,16.144436029197646,0.1,0.0,0.1
76.5,150.0,154.72616355177678,600.0,19.467562621712254,0.1,0.0,0.1
40.5,-21.0,154.72616355177678,600.0,23.056272334035356,2.2938765936812273,1.0,2.2938765936812273
73.5,81.0,154.72616355177678,600.0,16.01158369472079,2.838008416207866,1.0,2.838008416207866
-1.5,-66.0,154.72616355177678,600.0,14.361282758118136,2.568359025562007,1.0,2.568359025562007
-52.5,-57.0,154.72616355177678,600.0,12.950126499828952,0.1,0.0,0.1
55.5,168.0,154.72616355177678,600.0,19.717360874435258,4.958268925874654,1.0,4.958268925874654
19.5,-144.0,256.9451140833663,600.0,21.29615467331902,4.811565746983648,1.0,4.811565746983648
25.5,153.0,256.9451140833663,600.0,10.822574674300958,0.1,0.0,0.1
22.5,156.0,256.9451140833663,600.0,10.352155880421718,0.1,0.0,0.1
31.5,-18.0,256.9451140833663,600.0,18.795313964342657,3.7661618022503083,1.0,3.7661618022503083
70.5,-66.0,256.9451140833663,600.0,19.574230345683397,0.1,0.0,0.1
-61.5,-171.0,256.9451140833663,600.0,21.367088719543354,0.1,0.0,0.1
22.5,-87.0,256.9451140833663,600.0,12.427808972600271,4.296331116431171,1.0,4.296331116431171
4.5,-33.0,256.9451140833663,600.0,19.6140944884245,1.8898898195891198,1.0,1.8898898195891198
58.5,-39.0,256.9451140833663,600.0,15.151583211035646,0.1,0.0,0.1
-76.5,-141.0,256.9451140833663,600.0,13.27226129128846,3.3812911906919423,1.0,3.3812911906919423
13.5,-90.0,256.9451140833663,600.0,11.60382394839969,2.024806632411804,1.0,2.024806632411804
-55.5,-66.0,256.9451140833663,600.0,20.98483582101919,0.1,0.0,0.1
-61.5,42.0,256.9451140833663,600.0,14.182044503042409,0.1,0.0,0.1
31.5,54.0,256.9451140833663,600.0,20.592059007329553,0.1,0.0,0.1
-43.5,-102.0,256.9451140833663,600.0,15.449784170912093,3.142617789880568,1.0,3.142617789880568
-28.5,-165.0,256.9451140833663,600.0,5.853509176244891,4.727384161963117,1.0,4.727384161963117
34.5,-81.0,256.9451140833663,600.0,9.416977254723264,3.5414385422356673,1.0,3.5414385422356673
-37.5,-45.0,256.9451140833663,600.0,7.928703116491232,2.2692861696041464,1.0,2.2692861696041464
-34.5,-81.0,256.9451140833663,600.0,20.920865455267666,3.6354886236536017,1.0,3.6354886236536017
79.5,72.0,256.9451140833663,600.0,12.434820958303202,0.1,0.0,0.1
43.5,66.0,143.8014729402438,600.0,11.65641854072829,0.1,0.0,0.1
-70.5,-141.0,143.8014729402438,600.0,14.760756809649356,0.1,0.0,0.1
7.5,39.0,143.8014729402438,600.0,16.58830219805617,1.7803036134894672,1.0,1.7803036134894672
-73.5,45.0,143.8014729402438,600.0,11.563343613687579,0.1,0.0,0.1
-22.5,54.0,143.8014729402438,600.0,16.47496167970659,4.176239357152636,1.0,4.176239357152636
-16.5,-24.0,143.8014729402438,600.0,20.52905932103448,0.1,0.0,0.1
43.5,-168.0,143.8014729402438,600.0,17.465855154724444,2.5584348432333854,1.0,2.5584348432333854
67.5,174.0,143.8014729402438,600.0,15.280548722950385,0.1,0.0,0.1
-7.5,-165.0,143.8014729402438,600.0,20.774328249179906,0.1,0.0,0.1
28.5,-90.0,143.8014729402438,600.0,14.967818382081655,3.3714867900310237,1.0,3.3714867900310237
46.5,-126.0,143.8014729402438,600.0,16.00072617437575,0.1,0.0,0.1
-76.5,-174.0,143.8014729402438,600.0,15.655064577429588,0.1,0.0,0.1
76.5,24.0,143.8014729402438,600.0,29.65555611892546,0.1,0.0,0.1
52.5,-36.0,143.8014729402438,600.0,19.51994786377533,2.593576414728371,1.0,2.593576414728371
10.5,-78.0,143.8014729402438,600.0,16.02093642918903,3.230680242733116,1.0,3.230680242733116
73.5,-156.0,143.8014729402438,600.0,15.64076752837347,4.256658231075917,1.0,4.256658231075917
-82.5,120.0,143.8014729402438,600.0,13.191995566829016,0.1,0.0,0.1
40.5,6.0,143.8014729402438,600.0,13.00420924597543,2.654923818028186,1.0,2.654923818028186
34.5,117.0,143.8014729402438,600.0,13.087635967098757,0.1,0.0,0.1
52.5,9.0,143.8014729402438,600.0,12.514588952488445,1.792107353885041,1.0,1.792107353885041
46.5,-162.0,158.78746930720393,600.0,21.715381296845763,0.1,0.0,0.1
-22.5,-24.0,158.78746930720393,600.0,10.46499990926727,2.410270177816221,1.0,2.410270177816221
-43.5,9.0,158.78746930720393,600.0,15.167584087943327,0.1,0.0,0.1
-22.5,87.0,158.78746930720393,600.0,21.659325747083454,0.1,0.0,0.1
-16.5,-48.0,158.78746930720393,600.0,19.09740662689108,0.1,0.0,0.1
-85.5,-66.0,158.78746930720393,600.0,14.628163899818539,0.1,0.0,0.1
76.5,27.0,158.78746930720393,600.0,20.727757037614303,3.4293453954074966,1.0,3.4293453954074966
22.5,-108.0,158.78746930720393,600.0,14.11629514671588,4.473663232113379,1.0,4.473663232113379
43.5,-180.0,158.78746930720393,600.0,13.438798066779416,4.412262991031888,1.0,4.412262991031888
55.5,-78.0,158.78746930720393,600.0,12.948659595364628,2.0569897522255585,1.0,2.0569897522255585
49.5,24.0,158.78746930720393,600.0,14.582413713639784,0.1,0.0,0.1
7.5,39.0,158.78746930720393,600.0,11.692682111003151,2.2753871041966516,1.0,2.2753871041966516
-73.5,-39.0,158.78746930720393,600.0,20.62610366446204,4.710892976664722,1.0,4.710892976664722
-13.5,90.0,158.78746930720393,600.0,12.000946270949726,0.1,0.0,0.1
-49.5,-96.0,158.78746930720393,600.0,15.934270504973503,4.199763849188759,1.0,4.199763849188759
16.5,-117.0,158.78746930720393,600.0,12.304465314867631,0.1,0.0,0.1
1.5,-69.0,158.78746930720393,600.0,16.237764829507846,0.1,0.0,0.1
-73.5,177.0,158.78746930720393,600.0,7.611696081739683,3.348811058456169,1.0,3.348811058456169
-40.5,-165.0,158.78746930720393,600.0,20.075033928871864,2.521572328741814,1.0,2.521572328741814
-28.5,-171.0,158.78746930720393,600.0,7.259845675762165,2.1777458011996806,1.0,2.1777458011996806
61.5,-15.0,21.258858925648223,600.0,26.631157206366254,4.75581942673935,1.0,4.75581942673935
-4.5,-153.0,21.258858925648223,600.0,12.523154092846967,1.6859836636466743,1.0,1.6859836636466743
10.5,-111.0,21.258858925648223,600.0,15.444822462968819,4.4438141735757934,1.0,4.4438141735757934
61.5,-12.0,21.258858925648223,600.0,15.559506814277448,3.304112773505601,1.0,3.304112773505601
-85.5,9.0,21.258858925648223,600.0,19.368147454035913,3.2750777398255373,1.0,3.2750777398255373
-40.5,-111.0,21.258858925648223,600.0,13.600828413614982,1.8557875692831445,1.0,1.8557875692831445
85.5,-48.0,21.258858925648223,600.0,12.833364738541722,2.4183247151524587,1.0,2.4183247151524587
-25.5,117.0,21.258858925648223,600.0,7.860078455081851,3.8371465294084954,1.0,3.8371465294084954
-43.5,-24.0,21.258858925648223,600.0,16.200127708575316,0.1,0.0,0.1
-58.5,-168.0,21.258858925648223,600.0,14.870901252316994,3.5332617333799377,1.0,3.5332617333799377
76.5,-168.0,21.258858925648223,600.0,10.225672982529677,0.1,0.0,0.1
-22.5,72.0,21.258858925648223,600.0,17.865753062798532,2.916730764771512,1.0,2.916730764771512
82.5,3.0,21.258858925648223,600.0,19.198521008291145,2.477011387783104,1.0,2.477011387783104
-25.5,123.0,21.258858925648223,600.0,15.577986038554755,0.1,0.0,0.1
88.5,147.0,21.258858925648223,600.0,16.358533494407773,4.862472793786841,1.0,4.862472793786841
19.5,-102.0,21.258858925648223,600.0,10.394991606701248,0.1,0.0,0.1
-64.5,63.0,21.258858925648223,600.0,19.720263251852494,3.2127708073517693,1.0,3.2127708073517693
43.5,51.0,21.258858925648223,600.0,19.24877230539362,2.7313944025873247,1.0,2.7313944025873247
-52.5,48.0,21.258858925648223,600.0,20.336094559731173,3.4821341550664564,1.0,3.4821341550664564
-67.5,-171.0,21.258858925648223,600.0,19.7856671263192,3.0438096615985675,1.0,3.0438096615985675
